<?xml version="1.0" encoding="UTF-8"?>
<gpx creator="StravaGPX" version="1.1" xmlns="http://www.topografix.com/GPX/1/1" xmlns:xsi="http://www.w3.org/2001/XMLSchema-instance" xsi:schemaLocation="http://www.topografix.com/GPX/1/1 http://www.topografix.com/GPX/1/1/gpx.xsd">
 <metadata>
  <name>Double Lime CCW/CW</name>
  <author>
   <name>Keith Hildwein</name>
   <link href="https://www.strava.com/athletes/7480452"/>
  </author>
  <copyright author="OpenStreetMap contributors">
   <year>2020</year>
   <license>https://www.openstreetmap.org/copyright</license>
  </copyright>
  <link href="https://www.strava.com/routes/3538962863238040392"/>
 </metadata>
 <trk>
  <name>Double Lime CCW/CW</name>
  <link href="https://www.strava.com/routes/3538962863238040392"/>
  <type>trail_running</type>
  <trkseg>
   <trkpt lat="36.26874" lon="-86.90554">
    <ele>247.3</ele>
   </trkpt>
   <trkpt lat="36.26865" lon="-86.90558">
    <ele>246.27</ele>
   </trkpt>
   <trkpt lat="36.2685" lon="-86.90580000000001">
    <ele>244.19000000000003</ele>
   </trkpt>
   <trkpt lat="36.26836" lon="-86.90591">
    <ele>243.23000000000002</ele>
   </trkpt>
   <trkpt lat="36.26823" lon="-86.90606000000001">
    <ele>242.71</ele>
   </trkpt>
   <trkpt lat="36.26793" lon="-86.90671">
    <ele>244.84000000000003</ele>
   </trkpt>
   <trkpt lat="36.26778" lon="-86.90715">
    <ele>248.83</ele>
   </trkpt>
   <trkpt lat="36.267680000000006" lon="-86.90752">
    <ele>250.12</ele>
   </trkpt>
   <trkpt lat="36.267390000000006" lon="-86.90796">
    <ele>250.02</ele>
   </trkpt>
   <trkpt lat="36.267250000000004" lon="-86.90801">
    <ele>249.47000000000003</ele>
   </trkpt>
   <trkpt lat="36.266940000000005" lon="-86.90827">
    <ele>247.55</ele>
   </trkpt>
   <trkpt lat="36.266650000000006" lon="-86.9084">
    <ele>250.28</ele>
   </trkpt>
   <trkpt lat="36.26653" lon="-86.9084">
    <ele>251.21000000000004</ele>
   </trkpt>
   <trkpt lat="36.26635" lon="-86.90836">
    <ele>252.46</ele>
   </trkpt>
   <trkpt lat="36.266180000000006" lon="-86.90822">
    <ele>253.4</ele>
   </trkpt>
   <trkpt lat="36.265950000000004" lon="-86.90787">
    <ele>256.26000000000005</ele>
   </trkpt>
   <trkpt lat="36.265800000000006" lon="-86.9077">
    <ele>258.54</ele>
   </trkpt>
   <trkpt lat="36.26574" lon="-86.90758000000001">
    <ele>259.36</ele>
   </trkpt>
   <trkpt lat="36.2657" lon="-86.90761">
    <ele>259.43</ele>
   </trkpt>
   <trkpt lat="36.26556" lon="-86.90764">
    <ele>258.89</ele>
   </trkpt>
   <trkpt lat="36.26518" lon="-86.90764">
    <ele>255.74</ele>
   </trkpt>
   <trkpt lat="36.26507" lon="-86.90769">
    <ele>255.13000000000002</ele>
   </trkpt>
   <trkpt lat="36.264900000000004" lon="-86.90761">
    <ele>254.28</ele>
   </trkpt>
   <trkpt lat="36.2648" lon="-86.90753000000001">
    <ele>253.46</ele>
   </trkpt>
   <trkpt lat="36.26476" lon="-86.90744000000001">
    <ele>253.18</ele>
   </trkpt>
   <trkpt lat="36.26467" lon="-86.90711">
    <ele>253.47000000000003</ele>
   </trkpt>
   <trkpt lat="36.26455" lon="-86.9068">
    <ele>253.3</ele>
   </trkpt>
   <trkpt lat="36.26438" lon="-86.90668000000001">
    <ele>252.21000000000004</ele>
   </trkpt>
   <trkpt lat="36.26431" lon="-86.90659000000001">
    <ele>251.81000000000003</ele>
   </trkpt>
   <trkpt lat="36.2642" lon="-86.90658">
    <ele>251.0</ele>
   </trkpt>
   <trkpt lat="36.26408" lon="-86.90661">
    <ele>250.74</ele>
   </trkpt>
   <trkpt lat="36.26386" lon="-86.90672">
    <ele>251.74</ele>
   </trkpt>
   <trkpt lat="36.263760000000005" lon="-86.9068">
    <ele>252.72</ele>
   </trkpt>
   <trkpt lat="36.26352" lon="-86.90708000000001">
    <ele>254.60000000000005</ele>
   </trkpt>
   <trkpt lat="36.263450000000006" lon="-86.90724">
    <ele>254.43000000000004</ele>
   </trkpt>
   <trkpt lat="36.2633" lon="-86.90737">
    <ele>254.18</ele>
   </trkpt>
   <trkpt lat="36.26323" lon="-86.90742">
    <ele>254.31000000000003</ele>
   </trkpt>
   <trkpt lat="36.26306" lon="-86.90734">
    <ele>255.04999999999998</ele>
   </trkpt>
   <trkpt lat="36.26299" lon="-86.90734">
    <ele>255.02</ele>
   </trkpt>
   <trkpt lat="36.2629" lon="-86.90737">
    <ele>254.85000000000002</ele>
   </trkpt>
   <trkpt lat="36.262840000000004" lon="-86.90742">
    <ele>254.84</ele>
   </trkpt>
   <trkpt lat="36.26254" lon="-86.90742">
    <ele>255.96</ele>
   </trkpt>
   <trkpt lat="36.26239" lon="-86.90757">
    <ele>255.52</ele>
   </trkpt>
   <trkpt lat="36.26225" lon="-86.90792">
    <ele>257.04</ele>
   </trkpt>
   <trkpt lat="36.262220000000006" lon="-86.90827">
    <ele>258.39</ele>
   </trkpt>
   <trkpt lat="36.262150000000005" lon="-86.90845">
    <ele>258.71</ele>
   </trkpt>
   <trkpt lat="36.26198" lon="-86.90855">
    <ele>257.62</ele>
   </trkpt>
   <trkpt lat="36.261610000000005" lon="-86.90863">
    <ele>253.16</ele>
   </trkpt>
   <trkpt lat="36.26155" lon="-86.90863">
    <ele>252.70000000000002</ele>
   </trkpt>
   <trkpt lat="36.26138" lon="-86.90876">
    <ele>250.31000000000003</ele>
   </trkpt>
   <trkpt lat="36.261280000000006" lon="-86.90887000000001">
    <ele>249.52</ele>
   </trkpt>
   <trkpt lat="36.26118" lon="-86.90905000000001">
    <ele>248.10000000000002</ele>
   </trkpt>
   <trkpt lat="36.261250000000004" lon="-86.9093">
    <ele>245.29</ele>
   </trkpt>
   <trkpt lat="36.26124" lon="-86.90945">
    <ele>245.24</ele>
   </trkpt>
   <trkpt lat="36.26127" lon="-86.90972000000001">
    <ele>245.42000000000002</ele>
   </trkpt>
   <trkpt lat="36.26135" lon="-86.90975">
    <ele>245.47000000000003</ele>
   </trkpt>
   <trkpt lat="36.26144" lon="-86.90999000000001">
    <ele>246.97000000000003</ele>
   </trkpt>
   <trkpt lat="36.261570000000006" lon="-86.91019">
    <ele>248.57000000000002</ele>
   </trkpt>
   <trkpt lat="36.26176" lon="-86.91061">
    <ele>250.04000000000005</ele>
   </trkpt>
   <trkpt lat="36.26185" lon="-86.91062000000001">
    <ele>249.27</ele>
   </trkpt>
   <trkpt lat="36.26192" lon="-86.91066000000001">
    <ele>247.78000000000003</ele>
   </trkpt>
   <trkpt lat="36.26216" lon="-86.91074">
    <ele>245.81000000000003</ele>
   </trkpt>
   <trkpt lat="36.26225" lon="-86.91079">
    <ele>245.64000000000001</ele>
   </trkpt>
   <trkpt lat="36.26232" lon="-86.91092">
    <ele>245.06000000000003</ele>
   </trkpt>
   <trkpt lat="36.262460000000004" lon="-86.91096">
    <ele>244.34000000000003</ele>
   </trkpt>
   <trkpt lat="36.262530000000005" lon="-86.911">
    <ele>243.08</ele>
   </trkpt>
   <trkpt lat="36.262710000000006" lon="-86.91105">
    <ele>241.98000000000002</ele>
   </trkpt>
   <trkpt lat="36.262820000000005" lon="-86.91114">
    <ele>241.97000000000003</ele>
   </trkpt>
   <trkpt lat="36.2629" lon="-86.91118">
    <ele>242.18</ele>
   </trkpt>
   <trkpt lat="36.26296" lon="-86.91123">
    <ele>242.22000000000003</ele>
   </trkpt>
   <trkpt lat="36.2631" lon="-86.91132">
    <ele>241.71</ele>
   </trkpt>
   <trkpt lat="36.26317" lon="-86.91141">
    <ele>240.8</ele>
   </trkpt>
   <trkpt lat="36.263180000000006" lon="-86.91154">
    <ele>239.71</ele>
   </trkpt>
   <trkpt lat="36.26314" lon="-86.91163">
    <ele>238.82000000000002</ele>
   </trkpt>
   <trkpt lat="36.26297" lon="-86.91176">
    <ele>238.32000000000002</ele>
   </trkpt>
   <trkpt lat="36.26296" lon="-86.91176">
    <ele>238.33</ele>
   </trkpt>
   <trkpt lat="36.26285" lon="-86.91176">
    <ele>239.07000000000002</ele>
   </trkpt>
   <trkpt lat="36.262620000000005" lon="-86.91158">
    <ele>242.76000000000002</ele>
   </trkpt>
   <trkpt lat="36.26234" lon="-86.91159">
    <ele>244.86</ele>
   </trkpt>
   <trkpt lat="36.26221" lon="-86.91168">
    <ele>245.13</ele>
   </trkpt>
   <trkpt lat="36.262150000000005" lon="-86.91176">
    <ele>244.86</ele>
   </trkpt>
   <trkpt lat="36.26207" lon="-86.91199">
    <ele>244.08</ele>
   </trkpt>
   <trkpt lat="36.262060000000005" lon="-86.91209">
    <ele>243.37000000000003</ele>
   </trkpt>
   <trkpt lat="36.262080000000005" lon="-86.91252">
    <ele>241.25000000000003</ele>
   </trkpt>
   <trkpt lat="36.26207" lon="-86.91271">
    <ele>239.62000000000003</ele>
   </trkpt>
   <trkpt lat="36.26192" lon="-86.91289">
    <ele>239.34000000000003</ele>
   </trkpt>
   <trkpt lat="36.26189" lon="-86.91289">
    <ele>239.34000000000003</ele>
   </trkpt>
   <trkpt lat="36.26165" lon="-86.9132">
    <ele>239.90000000000003</ele>
   </trkpt>
   <trkpt lat="36.26156" lon="-86.91337">
    <ele>240.15000000000003</ele>
   </trkpt>
   <trkpt lat="36.261540000000004" lon="-86.91352">
    <ele>240.11</ele>
   </trkpt>
   <trkpt lat="36.26155" lon="-86.91369">
    <ele>240.46</ele>
   </trkpt>
   <trkpt lat="36.26153" lon="-86.91375000000001">
    <ele>240.46</ele>
   </trkpt>
   <trkpt lat="36.261540000000004" lon="-86.91380000000001">
    <ele>240.52</ele>
   </trkpt>
   <trkpt lat="36.26171" lon="-86.914">
    <ele>240.14000000000001</ele>
   </trkpt>
   <trkpt lat="36.26194" lon="-86.91413">
    <ele>242.02</ele>
   </trkpt>
   <trkpt lat="36.262040000000006" lon="-86.91418">
    <ele>243.34000000000003</ele>
   </trkpt>
   <trkpt lat="36.26231000000001" lon="-86.91420000000001">
    <ele>246.92000000000002</ele>
   </trkpt>
   <trkpt lat="36.26252" lon="-86.91446">
    <ele>251.45</ele>
   </trkpt>
   <trkpt lat="36.2625" lon="-86.91462000000001">
    <ele>252.63000000000002</ele>
   </trkpt>
   <trkpt lat="36.26256" lon="-86.91509">
    <ele>250.48000000000002</ele>
   </trkpt>
   <trkpt lat="36.262550000000005" lon="-86.9154">
    <ele>247.38000000000002</ele>
   </trkpt>
   <trkpt lat="36.26243" lon="-86.91597">
    <ele>243.52</ele>
   </trkpt>
   <trkpt lat="36.262370000000004" lon="-86.91606">
    <ele>243.31000000000003</ele>
   </trkpt>
   <trkpt lat="36.2623" lon="-86.91624">
    <ele>243.51000000000002</ele>
   </trkpt>
   <trkpt lat="36.262190000000004" lon="-86.91638">
    <ele>244.6</ele>
   </trkpt>
   <trkpt lat="36.262100000000004" lon="-86.91665">
    <ele>246.73000000000002</ele>
   </trkpt>
   <trkpt lat="36.26203" lon="-86.91696">
    <ele>247.06000000000003</ele>
   </trkpt>
   <trkpt lat="36.261970000000005" lon="-86.9174">
    <ele>244.37000000000003</ele>
   </trkpt>
   <trkpt lat="36.26191" lon="-86.91749">
    <ele>244.52</ele>
   </trkpt>
   <trkpt lat="36.261790000000005" lon="-86.91754">
    <ele>244.54</ele>
   </trkpt>
   <trkpt lat="36.261660000000006" lon="-86.91767">
    <ele>245.1</ele>
   </trkpt>
   <trkpt lat="36.2616" lon="-86.91767">
    <ele>246.21</ele>
   </trkpt>
   <trkpt lat="36.26146" lon="-86.91781">
    <ele>246.63000000000002</ele>
   </trkpt>
   <trkpt lat="36.26145" lon="-86.91787000000001">
    <ele>246.72000000000003</ele>
   </trkpt>
   <trkpt lat="36.261500000000005" lon="-86.91804">
    <ele>246.35</ele>
   </trkpt>
   <trkpt lat="36.261720000000004" lon="-86.91825">
    <ele>244.4</ele>
   </trkpt>
   <trkpt lat="36.26184000000001" lon="-86.9183">
    <ele>243.76000000000002</ele>
   </trkpt>
   <trkpt lat="36.26221" lon="-86.91822">
    <ele>245.19000000000003</ele>
   </trkpt>
   <trkpt lat="36.262420000000006" lon="-86.91821">
    <ele>247.67000000000002</ele>
   </trkpt>
   <trkpt lat="36.26254" lon="-86.91826">
    <ele>248.47000000000003</ele>
   </trkpt>
   <trkpt lat="36.262640000000005" lon="-86.91848">
    <ele>247.66000000000003</ele>
   </trkpt>
   <trkpt lat="36.262640000000005" lon="-86.91861">
    <ele>246.20000000000002</ele>
   </trkpt>
   <trkpt lat="36.262710000000006" lon="-86.91889">
    <ele>246.59000000000003</ele>
   </trkpt>
   <trkpt lat="36.262690000000006" lon="-86.91897">
    <ele>246.62000000000003</ele>
   </trkpt>
   <trkpt lat="36.26259" lon="-86.91912">
    <ele>245.79</ele>
   </trkpt>
   <trkpt lat="36.262530000000005" lon="-86.91933">
    <ele>245.78000000000003</ele>
   </trkpt>
   <trkpt lat="36.262420000000006" lon="-86.91952">
    <ele>245.50000000000003</ele>
   </trkpt>
   <trkpt lat="36.26229" lon="-86.91969">
    <ele>244.31000000000003</ele>
   </trkpt>
   <trkpt lat="36.26225" lon="-86.91978">
    <ele>244.12000000000003</ele>
   </trkpt>
   <trkpt lat="36.26225" lon="-86.91987">
    <ele>243.79</ele>
   </trkpt>
   <trkpt lat="36.262350000000005" lon="-86.92009">
    <ele>242.15000000000003</ele>
   </trkpt>
   <trkpt lat="36.26249" lon="-86.92024">
    <ele>241.34000000000003</ele>
   </trkpt>
   <trkpt lat="36.262600000000006" lon="-86.92041">
    <ele>241.82</ele>
   </trkpt>
   <trkpt lat="36.262620000000005" lon="-86.92054">
    <ele>241.85</ele>
   </trkpt>
   <trkpt lat="36.262600000000006" lon="-86.92063">
    <ele>241.66</ele>
   </trkpt>
   <trkpt lat="36.262510000000006" lon="-86.92081">
    <ele>240.41</ele>
   </trkpt>
   <trkpt lat="36.262510000000006" lon="-86.92086">
    <ele>240.22</ele>
   </trkpt>
   <trkpt lat="36.26231000000001" lon="-86.92112">
    <ele>239.68000000000004</ele>
   </trkpt>
   <trkpt lat="36.262280000000004" lon="-86.92112">
    <ele>239.68000000000004</ele>
   </trkpt>
   <trkpt lat="36.262220000000006" lon="-86.92114000000001">
    <ele>239.13</ele>
   </trkpt>
   <trkpt lat="36.26216" lon="-86.92121">
    <ele>238.77</ele>
   </trkpt>
   <trkpt lat="36.26209" lon="-86.92136">
    <ele>238.86</ele>
   </trkpt>
   <trkpt lat="36.26203" lon="-86.92143">
    <ele>239.26000000000002</ele>
   </trkpt>
   <trkpt lat="36.26198" lon="-86.92153">
    <ele>239.19</ele>
   </trkpt>
   <trkpt lat="36.26184000000001" lon="-86.92161">
    <ele>238.47</ele>
   </trkpt>
   <trkpt lat="36.261810000000004" lon="-86.9217">
    <ele>238.22</ele>
   </trkpt>
   <trkpt lat="36.261700000000005" lon="-86.92176">
    <ele>238.19</ele>
   </trkpt>
   <trkpt lat="36.26165" lon="-86.92189">
    <ele>238.46000000000004</ele>
   </trkpt>
   <trkpt lat="36.2616" lon="-86.92194">
    <ele>238.48000000000002</ele>
   </trkpt>
   <trkpt lat="36.26146" lon="-86.92202">
    <ele>238.09000000000003</ele>
   </trkpt>
   <trkpt lat="36.26131" lon="-86.92216">
    <ele>238.04000000000002</ele>
   </trkpt>
   <trkpt lat="36.261300000000006" lon="-86.92224">
    <ele>238.39000000000001</ele>
   </trkpt>
   <trkpt lat="36.26124" lon="-86.92237">
    <ele>238.58</ele>
   </trkpt>
   <trkpt lat="36.261230000000005" lon="-86.92255">
    <ele>237.49</ele>
   </trkpt>
   <trkpt lat="36.261300000000006" lon="-86.92269">
    <ele>236.33</ele>
   </trkpt>
   <trkpt lat="36.261340000000004" lon="-86.92273">
    <ele>235.04000000000002</ele>
   </trkpt>
   <trkpt lat="36.26142" lon="-86.92279">
    <ele>234.06</ele>
   </trkpt>
   <trkpt lat="36.26155" lon="-86.92282">
    <ele>233.07000000000002</ele>
   </trkpt>
   <trkpt lat="36.26176" lon="-86.92273">
    <ele>233.67000000000002</ele>
   </trkpt>
   <trkpt lat="36.2618" lon="-86.92269">
    <ele>234.06</ele>
   </trkpt>
   <trkpt lat="36.262080000000005" lon="-86.92255">
    <ele>237.35000000000002</ele>
   </trkpt>
   <trkpt lat="36.2622" lon="-86.9226">
    <ele>237.92000000000002</ele>
   </trkpt>
   <trkpt lat="36.262260000000005" lon="-86.92257000000001">
    <ele>238.15000000000003</ele>
   </trkpt>
   <trkpt lat="36.26236" lon="-86.92247">
    <ele>238.91</ele>
   </trkpt>
   <trkpt lat="36.262480000000004" lon="-86.92239000000001">
    <ele>239.02</ele>
   </trkpt>
   <trkpt lat="36.26254" lon="-86.92233">
    <ele>238.67000000000002</ele>
   </trkpt>
   <trkpt lat="36.26258" lon="-86.92233">
    <ele>238.67000000000002</ele>
   </trkpt>
   <trkpt lat="36.26274" lon="-86.92201">
    <ele>236.76000000000002</ele>
   </trkpt>
   <trkpt lat="36.26277" lon="-86.92177000000001">
    <ele>236.40000000000003</ele>
   </trkpt>
   <trkpt lat="36.26281" lon="-86.92168000000001">
    <ele>236.45000000000002</ele>
   </trkpt>
   <trkpt lat="36.26283" lon="-86.92154000000001">
    <ele>236.69</ele>
   </trkpt>
   <trkpt lat="36.26288" lon="-86.92148">
    <ele>236.37000000000003</ele>
   </trkpt>
   <trkpt lat="36.262950000000004" lon="-86.92143">
    <ele>235.29000000000002</ele>
   </trkpt>
   <trkpt lat="36.263290000000005" lon="-86.92152">
    <ele>232.29000000000002</ele>
   </trkpt>
   <trkpt lat="36.263540000000006" lon="-86.92162">
    <ele>232.64000000000001</ele>
   </trkpt>
   <trkpt lat="36.26361" lon="-86.9217">
    <ele>232.47</ele>
   </trkpt>
   <trkpt lat="36.26371" lon="-86.92175">
    <ele>231.87</ele>
   </trkpt>
   <trkpt lat="36.263780000000004" lon="-86.92184">
    <ele>231.23000000000002</ele>
   </trkpt>
   <trkpt lat="36.26391" lon="-86.9222">
    <ele>230.01000000000002</ele>
   </trkpt>
   <trkpt lat="36.26388" lon="-86.92251">
    <ele>231.38000000000002</ele>
   </trkpt>
   <trkpt lat="36.26389" lon="-86.92278">
    <ele>233.45000000000002</ele>
   </trkpt>
   <trkpt lat="36.26395" lon="-86.92302000000001">
    <ele>235.49000000000004</ele>
   </trkpt>
   <trkpt lat="36.264070000000004" lon="-86.92329000000001">
    <ele>236.53</ele>
   </trkpt>
   <trkpt lat="36.264160000000004" lon="-86.92356000000001">
    <ele>237.66</ele>
   </trkpt>
   <trkpt lat="36.26415" lon="-86.92378000000001">
    <ele>238.35</ele>
   </trkpt>
   <trkpt lat="36.264190000000006" lon="-86.92380000000001">
    <ele>238.61</ele>
   </trkpt>
   <trkpt lat="36.26427" lon="-86.92391">
    <ele>238.17000000000002</ele>
   </trkpt>
   <trkpt lat="36.26428000000001" lon="-86.924">
    <ele>237.78</ele>
   </trkpt>
   <trkpt lat="36.264320000000005" lon="-86.92407">
    <ele>237.27</ele>
   </trkpt>
   <trkpt lat="36.264340000000004" lon="-86.92448">
    <ele>234.97</ele>
   </trkpt>
   <trkpt lat="36.26449" lon="-86.92471">
    <ele>233.58</ele>
   </trkpt>
   <trkpt lat="36.26458" lon="-86.92479">
    <ele>232.75</ele>
   </trkpt>
   <trkpt lat="36.26465" lon="-86.92479">
    <ele>231.43</ele>
   </trkpt>
   <trkpt lat="36.2648" lon="-86.92489">
    <ele>230.21</ele>
   </trkpt>
   <trkpt lat="36.265330000000006" lon="-86.92533">
    <ele>231.89000000000001</ele>
   </trkpt>
   <trkpt lat="36.26541" lon="-86.92533">
    <ele>231.78</ele>
   </trkpt>
   <trkpt lat="36.265480000000004" lon="-86.92537">
    <ele>231.78</ele>
   </trkpt>
   <trkpt lat="36.26552" lon="-86.92537">
    <ele>231.29000000000002</ele>
   </trkpt>
   <trkpt lat="36.265660000000004" lon="-86.92542">
    <ele>230.99000000000004</ele>
   </trkpt>
   <trkpt lat="36.265750000000004" lon="-86.92548000000001">
    <ele>230.95000000000002</ele>
   </trkpt>
   <trkpt lat="36.26583" lon="-86.92551">
    <ele>231.04000000000002</ele>
   </trkpt>
   <trkpt lat="36.26596" lon="-86.92564">
    <ele>231.95000000000002</ele>
   </trkpt>
   <trkpt lat="36.26601" lon="-86.92578">
    <ele>232.72</ele>
   </trkpt>
   <trkpt lat="36.26603" lon="-86.92602000000001">
    <ele>234.06</ele>
   </trkpt>
   <trkpt lat="36.26596" lon="-86.92628">
    <ele>237.28</ele>
   </trkpt>
   <trkpt lat="36.26576" lon="-86.92659">
    <ele>236.62000000000003</ele>
   </trkpt>
   <trkpt lat="36.26576" lon="-86.92677">
    <ele>235.89000000000001</ele>
   </trkpt>
   <trkpt lat="36.26578" lon="-86.9269">
    <ele>235.85000000000002</ele>
   </trkpt>
   <trkpt lat="36.26577" lon="-86.92695">
    <ele>235.81</ele>
   </trkpt>
   <trkpt lat="36.265710000000006" lon="-86.92717">
    <ele>234.64000000000001</ele>
   </trkpt>
   <trkpt lat="36.26559" lon="-86.92736000000001">
    <ele>232.91</ele>
   </trkpt>
   <trkpt lat="36.26556" lon="-86.92757">
    <ele>232.29000000000002</ele>
   </trkpt>
   <trkpt lat="36.26549" lon="-86.9278">
    <ele>231.11</ele>
   </trkpt>
   <trkpt lat="36.265460000000004" lon="-86.92812">
    <ele>229.83</ele>
   </trkpt>
   <trkpt lat="36.265370000000004" lon="-86.92833">
    <ele>228.17000000000002</ele>
   </trkpt>
   <trkpt lat="36.265370000000004" lon="-86.92835000000001">
    <ele>227.8</ele>
   </trkpt>
   <trkpt lat="36.2652" lon="-86.92851">
    <ele>226.73000000000002</ele>
   </trkpt>
   <trkpt lat="36.26516" lon="-86.9286">
    <ele>226.15</ele>
   </trkpt>
   <trkpt lat="36.265060000000005" lon="-86.92861">
    <ele>225.75</ele>
   </trkpt>
   <trkpt lat="36.26498" lon="-86.92873">
    <ele>222.98000000000002</ele>
   </trkpt>
   <trkpt lat="36.264860000000006" lon="-86.92883">
    <ele>222.55</ele>
   </trkpt>
   <trkpt lat="36.264770000000006" lon="-86.92896">
    <ele>220.92</ele>
   </trkpt>
   <trkpt lat="36.264390000000006" lon="-86.92936">
    <ele>216.44000000000003</ele>
   </trkpt>
   <trkpt lat="36.26433" lon="-86.9294">
    <ele>215.66000000000003</ele>
   </trkpt>
   <trkpt lat="36.26428000000001" lon="-86.92949">
    <ele>214.70000000000002</ele>
   </trkpt>
   <trkpt lat="36.264120000000005" lon="-86.92968">
    <ele>210.56000000000003</ele>
   </trkpt>
   <trkpt lat="36.26409" lon="-86.92982">
    <ele>208.42000000000002</ele>
   </trkpt>
   <trkpt lat="36.26413" lon="-86.93">
    <ele>207.14000000000001</ele>
   </trkpt>
   <trkpt lat="36.26424" lon="-86.93021">
    <ele>206.85</ele>
   </trkpt>
   <trkpt lat="36.264540000000004" lon="-86.93043">
    <ele>204.56</ele>
   </trkpt>
   <trkpt lat="36.26478" lon="-86.93039">
    <ele>200.07000000000002</ele>
   </trkpt>
   <trkpt lat="36.26471" lon="-86.93049">
    <ele>199.29000000000002</ele>
   </trkpt>
   <trkpt lat="36.26456" lon="-86.93061">
    <ele>196.48000000000002</ele>
   </trkpt>
   <trkpt lat="36.264430000000004" lon="-86.93061">
    <ele>195.23000000000002</ele>
   </trkpt>
   <trkpt lat="36.263960000000004" lon="-86.93048">
    <ele>183.48</ele>
   </trkpt>
   <trkpt lat="36.26393" lon="-86.93044">
    <ele>182.41000000000003</ele>
   </trkpt>
   <trkpt lat="36.263940000000005" lon="-86.93061">
    <ele>179.97000000000003</ele>
   </trkpt>
   <trkpt lat="36.26399" lon="-86.9307">
    <ele>179.00000000000003</ele>
   </trkpt>
   <trkpt lat="36.264050000000005" lon="-86.93072000000001">
    <ele>179.00000000000003</ele>
   </trkpt>
   <trkpt lat="36.26417" lon="-86.93087000000001">
    <ele>177.13</ele>
   </trkpt>
   <trkpt lat="36.26417" lon="-86.93086000000001">
    <ele>177.13</ele>
   </trkpt>
   <trkpt lat="36.264210000000006" lon="-86.93092">
    <ele>175.88</ele>
   </trkpt>
   <trkpt lat="36.26426" lon="-86.93112">
    <ele>174.6</ele>
   </trkpt>
   <trkpt lat="36.26424" lon="-86.93121000000001">
    <ele>174.04000000000002</ele>
   </trkpt>
   <trkpt lat="36.264320000000005" lon="-86.93147">
    <ele>173.23000000000002</ele>
   </trkpt>
   <trkpt lat="36.264390000000006" lon="-86.93152">
    <ele>173.16</ele>
   </trkpt>
   <trkpt lat="36.26453" lon="-86.93157000000001">
    <ele>172.82</ele>
   </trkpt>
   <trkpt lat="36.264590000000005" lon="-86.93177">
    <ele>171.24</ele>
   </trkpt>
   <trkpt lat="36.264590000000005" lon="-86.93186">
    <ele>169.97</ele>
   </trkpt>
   <trkpt lat="36.26456" lon="-86.93196">
    <ele>169.4</ele>
   </trkpt>
   <trkpt lat="36.26447" lon="-86.932">
    <ele>168.59</ele>
   </trkpt>
   <trkpt lat="36.264450000000004" lon="-86.93204">
    <ele>168.36</ele>
   </trkpt>
   <trkpt lat="36.26446" lon="-86.93218">
    <ele>168.11</ele>
   </trkpt>
   <trkpt lat="36.264590000000005" lon="-86.93220000000001">
    <ele>167.99</ele>
   </trkpt>
   <trkpt lat="36.26467" lon="-86.93219">
    <ele>167.82000000000002</ele>
   </trkpt>
   <trkpt lat="36.26478" lon="-86.93223">
    <ele>167.74</ele>
   </trkpt>
   <trkpt lat="36.26482" lon="-86.93227">
    <ele>167.51000000000002</ele>
   </trkpt>
   <trkpt lat="36.26483" lon="-86.93233000000001">
    <ele>167.23000000000002</ele>
   </trkpt>
   <trkpt lat="36.2648" lon="-86.93251000000001">
    <ele>167.46</ele>
   </trkpt>
   <trkpt lat="36.26476" lon="-86.93269000000001">
    <ele>168.88</ele>
   </trkpt>
   <trkpt lat="36.26478" lon="-86.93298">
    <ele>169.76000000000002</ele>
   </trkpt>
   <trkpt lat="36.264900000000004" lon="-86.93314000000001">
    <ele>171.95000000000002</ele>
   </trkpt>
   <trkpt lat="36.26493" lon="-86.9333">
    <ele>172.70000000000002</ele>
   </trkpt>
   <trkpt lat="36.26496" lon="-86.93374">
    <ele>175.70000000000002</ele>
   </trkpt>
   <trkpt lat="36.26505" lon="-86.93399000000001">
    <ele>177.35</ele>
   </trkpt>
   <trkpt lat="36.26511" lon="-86.93429">
    <ele>180.47000000000003</ele>
   </trkpt>
   <trkpt lat="36.26511" lon="-86.93451">
    <ele>182.14000000000001</ele>
   </trkpt>
   <trkpt lat="36.265040000000006" lon="-86.93473">
    <ele>183.07</ele>
   </trkpt>
   <trkpt lat="36.26507" lon="-86.93477">
    <ele>183.76</ele>
   </trkpt>
   <trkpt lat="36.265150000000006" lon="-86.93479">
    <ele>184.48</ele>
   </trkpt>
   <trkpt lat="36.26522000000001" lon="-86.93486">
    <ele>184.88000000000002</ele>
   </trkpt>
   <trkpt lat="36.265260000000005" lon="-86.93496">
    <ele>186.21</ele>
   </trkpt>
   <trkpt lat="36.265260000000005" lon="-86.93513">
    <ele>187.19000000000003</ele>
   </trkpt>
   <trkpt lat="36.265480000000004" lon="-86.93553000000001">
    <ele>188.32000000000002</ele>
   </trkpt>
   <trkpt lat="36.26547" lon="-86.93551000000001">
    <ele>188.32000000000002</ele>
   </trkpt>
   <trkpt lat="36.26559" lon="-86.93571">
    <ele>187.96</ele>
   </trkpt>
   <trkpt lat="36.26563" lon="-86.93598">
    <ele>187.82000000000002</ele>
   </trkpt>
   <trkpt lat="36.26559" lon="-86.93622">
    <ele>187.96</ele>
   </trkpt>
   <trkpt lat="36.265550000000005" lon="-86.93634">
    <ele>188.29000000000002</ele>
   </trkpt>
   <trkpt lat="36.26543" lon="-86.93643">
    <ele>188.36</ele>
   </trkpt>
   <trkpt lat="36.26529" lon="-86.93671">
    <ele>185.14000000000001</ele>
   </trkpt>
   <trkpt lat="36.26505" lon="-86.93701">
    <ele>180.04</ele>
   </trkpt>
   <trkpt lat="36.26487" lon="-86.93719">
    <ele>178.63</ele>
   </trkpt>
   <trkpt lat="36.264680000000006" lon="-86.93730000000001">
    <ele>176.15</ele>
   </trkpt>
   <trkpt lat="36.26462" lon="-86.93738">
    <ele>174.61</ele>
   </trkpt>
   <trkpt lat="36.26458" lon="-86.93751">
    <ele>173.48000000000002</ele>
   </trkpt>
   <trkpt lat="36.264010000000006" lon="-86.9376">
    <ele>177.19</ele>
   </trkpt>
   <trkpt lat="36.26364" lon="-86.93769">
    <ele>180.46</ele>
   </trkpt>
   <trkpt lat="36.263510000000004" lon="-86.93777">
    <ele>182.43</ele>
   </trkpt>
   <trkpt lat="36.26355" lon="-86.93782">
    <ele>183.97000000000003</ele>
   </trkpt>
   <trkpt lat="36.263630000000006" lon="-86.93782">
    <ele>185.38000000000002</ele>
   </trkpt>
   <trkpt lat="36.263740000000006" lon="-86.93787">
    <ele>186.49</ele>
   </trkpt>
   <trkpt lat="36.264230000000005" lon="-86.93795">
    <ele>191.35999999999999</ele>
   </trkpt>
   <trkpt lat="36.264450000000004" lon="-86.93806000000001">
    <ele>195.95000000000002</ele>
   </trkpt>
   <trkpt lat="36.264570000000006" lon="-86.9381">
    <ele>198.99000000000004</ele>
   </trkpt>
   <trkpt lat="36.264680000000006" lon="-86.9381">
    <ele>198.99000000000004</ele>
   </trkpt>
   <trkpt lat="36.26476" lon="-86.93815000000001">
    <ele>198.99000000000004</ele>
   </trkpt>
   <trkpt lat="36.264900000000004" lon="-86.93819">
    <ele>203.76000000000002</ele>
   </trkpt>
   <trkpt lat="36.26489" lon="-86.93822">
    <ele>203.76000000000002</ele>
   </trkpt>
   <trkpt lat="36.26465" lon="-86.93836">
    <ele>206.70000000000002</ele>
   </trkpt>
   <trkpt lat="36.26449" lon="-86.9384">
    <ele>208.26000000000002</ele>
   </trkpt>
   <trkpt lat="36.264160000000004" lon="-86.93853">
    <ele>212.26</ele>
   </trkpt>
   <trkpt lat="36.263920000000006" lon="-86.93849">
    <ele>212.65</ele>
   </trkpt>
   <trkpt lat="36.263850000000005" lon="-86.93853">
    <ele>212.82</ele>
   </trkpt>
   <trkpt lat="36.26343" lon="-86.93855">
    <ele>214.76</ele>
   </trkpt>
   <trkpt lat="36.26326" lon="-86.93862">
    <ele>216.03000000000003</ele>
   </trkpt>
   <trkpt lat="36.26263" lon="-86.93858">
    <ele>217.84</ele>
   </trkpt>
   <trkpt lat="36.262330000000006" lon="-86.93867">
    <ele>220.87</ele>
   </trkpt>
   <trkpt lat="36.261900000000004" lon="-86.93859">
    <ele>223.24</ele>
   </trkpt>
   <trkpt lat="36.261540000000004" lon="-86.93862">
    <ele>225.74</ele>
   </trkpt>
   <trkpt lat="36.26133" lon="-86.93867">
    <ele>227.15</ele>
   </trkpt>
   <trkpt lat="36.26126" lon="-86.93871">
    <ele>227.15</ele>
   </trkpt>
   <trkpt lat="36.26106" lon="-86.93889">
    <ele>228.63000000000002</ele>
   </trkpt>
   <trkpt lat="36.260870000000004" lon="-86.93894">
    <ele>227.86</ele>
   </trkpt>
   <trkpt lat="36.2607" lon="-86.93894">
    <ele>225.79000000000002</ele>
   </trkpt>
   <trkpt lat="36.26044" lon="-86.93898">
    <ele>224.12</ele>
   </trkpt>
   <trkpt lat="36.260250000000006" lon="-86.93903">
    <ele>225.21</ele>
   </trkpt>
   <trkpt lat="36.260130000000004" lon="-86.93912">
    <ele>228.01000000000002</ele>
   </trkpt>
   <trkpt lat="36.259980000000006" lon="-86.93918000000001">
    <ele>229.68</ele>
   </trkpt>
   <trkpt lat="36.25961" lon="-86.93925">
    <ele>232.56</ele>
   </trkpt>
   <trkpt lat="36.259440000000005" lon="-86.9393">
    <ele>234.24000000000004</ele>
   </trkpt>
   <trkpt lat="36.259190000000004" lon="-86.9393">
    <ele>236.12000000000003</ele>
   </trkpt>
   <trkpt lat="36.25893" lon="-86.93921">
    <ele>239.8</ele>
   </trkpt>
   <trkpt lat="36.258750000000006" lon="-86.93912">
    <ele>240.76000000000002</ele>
   </trkpt>
   <trkpt lat="36.258630000000004" lon="-86.93898">
    <ele>243.45000000000002</ele>
   </trkpt>
   <trkpt lat="36.258570000000006" lon="-86.93895">
    <ele>243.45000000000002</ele>
   </trkpt>
   <trkpt lat="36.258430000000004" lon="-86.93871">
    <ele>245.87000000000003</ele>
   </trkpt>
   <trkpt lat="36.258370000000006" lon="-86.93869000000001">
    <ele>246.32</ele>
   </trkpt>
   <trkpt lat="36.258230000000005" lon="-86.93876">
    <ele>245.85</ele>
   </trkpt>
   <trkpt lat="36.25815" lon="-86.93873">
    <ele>245.07</ele>
   </trkpt>
   <trkpt lat="36.258070000000004" lon="-86.93867">
    <ele>244.03000000000003</ele>
   </trkpt>
   <trkpt lat="36.25784" lon="-86.93864">
    <ele>240.72</ele>
   </trkpt>
   <trkpt lat="36.257740000000005" lon="-86.93855">
    <ele>239.41</ele>
   </trkpt>
   <trkpt lat="36.25761" lon="-86.93849">
    <ele>238.75</ele>
   </trkpt>
   <trkpt lat="36.25755" lon="-86.93845">
    <ele>238.72</ele>
   </trkpt>
   <trkpt lat="36.25753" lon="-86.9384">
    <ele>238.77</ele>
   </trkpt>
   <trkpt lat="36.257450000000006" lon="-86.93836">
    <ele>238.87000000000003</ele>
   </trkpt>
   <trkpt lat="36.257250000000006" lon="-86.93815000000001">
    <ele>241.03000000000003</ele>
   </trkpt>
   <trkpt lat="36.257020000000004" lon="-86.93788">
    <ele>245.06000000000003</ele>
   </trkpt>
   <trkpt lat="36.256910000000005" lon="-86.93788">
    <ele>245.05</ele>
   </trkpt>
   <trkpt lat="36.256800000000005" lon="-86.93793000000001">
    <ele>244.52</ele>
   </trkpt>
   <trkpt lat="36.25663" lon="-86.93818">
    <ele>242.26000000000002</ele>
   </trkpt>
   <trkpt lat="36.25659" lon="-86.93824000000001">
    <ele>241.71</ele>
   </trkpt>
   <trkpt lat="36.25652" lon="-86.93858">
    <ele>240.87000000000003</ele>
   </trkpt>
   <trkpt lat="36.25658" lon="-86.93887000000001">
    <ele>241.48000000000002</ele>
   </trkpt>
   <trkpt lat="36.25657" lon="-86.93912">
    <ele>243.46</ele>
   </trkpt>
   <trkpt lat="36.256530000000005" lon="-86.93934">
    <ele>246.37000000000003</ele>
   </trkpt>
   <trkpt lat="36.256510000000006" lon="-86.93936000000001">
    <ele>246.37000000000003</ele>
   </trkpt>
   <trkpt lat="36.25643" lon="-86.93965">
    <ele>247.72000000000003</ele>
   </trkpt>
   <trkpt lat="36.25627" lon="-86.93975">
    <ele>247.21</ele>
   </trkpt>
   <trkpt lat="36.25607" lon="-86.94002">
    <ele>243.53000000000003</ele>
   </trkpt>
   <trkpt lat="36.255840000000006" lon="-86.94026000000001">
    <ele>240.97</ele>
   </trkpt>
   <trkpt lat="36.25571" lon="-86.9405">
    <ele>239.79000000000002</ele>
   </trkpt>
   <trkpt lat="36.255680000000005" lon="-86.94064">
    <ele>239.53000000000003</ele>
   </trkpt>
   <trkpt lat="36.25576" lon="-86.94114">
    <ele>238.08</ele>
   </trkpt>
   <trkpt lat="36.25583" lon="-86.94124000000001">
    <ele>237.51000000000002</ele>
   </trkpt>
   <trkpt lat="36.255950000000006" lon="-86.94136">
    <ele>236.28</ele>
   </trkpt>
   <trkpt lat="36.256040000000006" lon="-86.9414">
    <ele>236.01000000000002</ele>
   </trkpt>
   <trkpt lat="36.25612" lon="-86.9414">
    <ele>235.64000000000001</ele>
   </trkpt>
   <trkpt lat="36.256350000000005" lon="-86.94149">
    <ele>234.66</ele>
   </trkpt>
   <trkpt lat="36.25658" lon="-86.94155">
    <ele>233.0</ele>
   </trkpt>
   <trkpt lat="36.25685" lon="-86.94168">
    <ele>231.39000000000001</ele>
   </trkpt>
   <trkpt lat="36.25705" lon="-86.94181">
    <ele>231.03</ele>
   </trkpt>
   <trkpt lat="36.25743000000001" lon="-86.94187000000001">
    <ele>229.30000000000004</ele>
   </trkpt>
   <trkpt lat="36.25759" lon="-86.94194">
    <ele>228.92000000000002</ele>
   </trkpt>
   <trkpt lat="36.258120000000005" lon="-86.94243">
    <ele>226.14000000000001</ele>
   </trkpt>
   <trkpt lat="36.258210000000005" lon="-86.94247">
    <ele>224.74</ele>
   </trkpt>
   <trkpt lat="36.25831" lon="-86.94262">
    <ele>223.4</ele>
   </trkpt>
   <trkpt lat="36.25842" lon="-86.9427">
    <ele>221.21</ele>
   </trkpt>
   <trkpt lat="36.25845" lon="-86.94275">
    <ele>221.21</ele>
   </trkpt>
   <trkpt lat="36.25849" lon="-86.94292">
    <ele>219.88000000000002</ele>
   </trkpt>
   <trkpt lat="36.25849" lon="-86.94298">
    <ele>219.61</ele>
   </trkpt>
   <trkpt lat="36.25846" lon="-86.94306">
    <ele>219.44000000000003</ele>
   </trkpt>
   <trkpt lat="36.258190000000006" lon="-86.94333">
    <ele>219.62</ele>
   </trkpt>
   <trkpt lat="36.25798" lon="-86.94356">
    <ele>218.58</ele>
   </trkpt>
   <trkpt lat="36.257850000000005" lon="-86.94368">
    <ele>218.56</ele>
   </trkpt>
   <trkpt lat="36.257760000000005" lon="-86.94374">
    <ele>218.87</ele>
   </trkpt>
   <trkpt lat="36.257560000000005" lon="-86.94424000000001">
    <ele>220.19000000000003</ele>
   </trkpt>
   <trkpt lat="36.25753" lon="-86.94451000000001">
    <ele>223.56</ele>
   </trkpt>
   <trkpt lat="36.257540000000006" lon="-86.94458">
    <ele>223.89000000000001</ele>
   </trkpt>
   <trkpt lat="36.257630000000006" lon="-86.94467">
    <ele>224.35000000000002</ele>
   </trkpt>
   <trkpt lat="36.25777" lon="-86.94467">
    <ele>224.72000000000003</ele>
   </trkpt>
   <trkpt lat="36.25784" lon="-86.94471">
    <ele>225.28</ele>
   </trkpt>
   <trkpt lat="36.258230000000005" lon="-86.94460000000001">
    <ele>225.78</ele>
   </trkpt>
   <trkpt lat="36.25854" lon="-86.94458">
    <ele>226.49</ele>
   </trkpt>
   <trkpt lat="36.258630000000004" lon="-86.94460000000001">
    <ele>226.58</ele>
   </trkpt>
   <trkpt lat="36.25873" lon="-86.94458">
    <ele>226.57000000000002</ele>
   </trkpt>
   <trkpt lat="36.258770000000005" lon="-86.94454">
    <ele>226.34</ele>
   </trkpt>
   <trkpt lat="36.258840000000006" lon="-86.94458">
    <ele>226.0</ele>
   </trkpt>
   <trkpt lat="36.259" lon="-86.94449">
    <ele>225.39000000000001</ele>
   </trkpt>
   <trkpt lat="36.2592" lon="-86.94444">
    <ele>224.66000000000003</ele>
   </trkpt>
   <trkpt lat="36.25927" lon="-86.94446">
    <ele>224.66000000000003</ele>
   </trkpt>
   <trkpt lat="36.25934" lon="-86.94444">
    <ele>224.52</ele>
   </trkpt>
   <trkpt lat="36.259530000000005" lon="-86.94458">
    <ele>223.27</ele>
   </trkpt>
   <trkpt lat="36.2597" lon="-86.94485">
    <ele>222.38000000000002</ele>
   </trkpt>
   <trkpt lat="36.25986" lon="-86.94505000000001">
    <ele>220.93</ele>
   </trkpt>
   <trkpt lat="36.26001" lon="-86.9453">
    <ele>218.88000000000002</ele>
   </trkpt>
   <trkpt lat="36.260020000000004" lon="-86.94538">
    <ele>218.32000000000002</ele>
   </trkpt>
   <trkpt lat="36.25996" lon="-86.94543">
    <ele>218.32000000000002</ele>
   </trkpt>
   <trkpt lat="36.259800000000006" lon="-86.94544">
    <ele>217.54000000000002</ele>
   </trkpt>
   <trkpt lat="36.25958" lon="-86.94552">
    <ele>216.47000000000003</ele>
   </trkpt>
   <trkpt lat="36.259350000000005" lon="-86.94556">
    <ele>217.08</ele>
   </trkpt>
   <trkpt lat="36.25925" lon="-86.94552">
    <ele>218.02</ele>
   </trkpt>
   <trkpt lat="36.25909" lon="-86.94556">
    <ele>218.71</ele>
   </trkpt>
   <trkpt lat="36.258860000000006" lon="-86.94557">
    <ele>220.44000000000003</ele>
   </trkpt>
   <trkpt lat="36.25822" lon="-86.94588">
    <ele>223.53</ele>
   </trkpt>
   <trkpt lat="36.258100000000006" lon="-86.94598">
    <ele>225.28</ele>
   </trkpt>
   <trkpt lat="36.258050000000004" lon="-86.94607">
    <ele>225.79000000000002</ele>
   </trkpt>
   <trkpt lat="36.25799" lon="-86.94628">
    <ele>228.23000000000002</ele>
   </trkpt>
   <trkpt lat="36.25795" lon="-86.94655">
    <ele>231.41000000000003</ele>
   </trkpt>
   <trkpt lat="36.25802" lon="-86.94668">
    <ele>232.85000000000002</ele>
   </trkpt>
   <trkpt lat="36.25815" lon="-86.94687">
    <ele>235.45000000000002</ele>
   </trkpt>
   <trkpt lat="36.25795" lon="-86.94686">
    <ele>238.78</ele>
   </trkpt>
   <trkpt lat="36.257920000000006" lon="-86.94684000000001">
    <ele>238.78</ele>
   </trkpt>
   <trkpt lat="36.25793" lon="-86.94686">
    <ele>238.78</ele>
   </trkpt>
   <trkpt lat="36.25782" lon="-86.94674">
    <ele>239.34000000000003</ele>
   </trkpt>
   <trkpt lat="36.25773" lon="-86.94673">
    <ele>238.72</ele>
   </trkpt>
   <trkpt lat="36.25766" lon="-86.94666000000001">
    <ele>237.48000000000002</ele>
   </trkpt>
   <trkpt lat="36.25762" lon="-86.9465">
    <ele>235.42000000000002</ele>
   </trkpt>
   <trkpt lat="36.25762" lon="-86.94641">
    <ele>234.34</ele>
   </trkpt>
   <trkpt lat="36.257560000000005" lon="-86.9462">
    <ele>233.08</ele>
   </trkpt>
   <trkpt lat="36.25744" lon="-86.94611">
    <ele>232.69</ele>
   </trkpt>
   <trkpt lat="36.257220000000004" lon="-86.94598">
    <ele>233.05</ele>
   </trkpt>
   <trkpt lat="36.25708" lon="-86.94592">
    <ele>233.09</ele>
   </trkpt>
   <trkpt lat="36.25694" lon="-86.94594000000001">
    <ele>233.29000000000002</ele>
   </trkpt>
   <trkpt lat="36.25672" lon="-86.94592">
    <ele>233.58</ele>
   </trkpt>
   <trkpt lat="36.25658" lon="-86.94607">
    <ele>232.36</ele>
   </trkpt>
   <trkpt lat="36.256440000000005" lon="-86.94615">
    <ele>231.65</ele>
   </trkpt>
   <trkpt lat="36.256170000000004" lon="-86.94646">
    <ele>227.87</ele>
   </trkpt>
   <trkpt lat="36.25596" lon="-86.94659">
    <ele>224.9</ele>
   </trkpt>
   <trkpt lat="36.255930000000006" lon="-86.94664">
    <ele>223.22000000000003</ele>
   </trkpt>
   <trkpt lat="36.25583" lon="-86.94665">
    <ele>222.62</ele>
   </trkpt>
   <trkpt lat="36.25576" lon="-86.94682">
    <ele>220.54000000000002</ele>
   </trkpt>
   <trkpt lat="36.255660000000006" lon="-86.94688000000001">
    <ele>218.74</ele>
   </trkpt>
   <trkpt lat="36.25558" lon="-86.94687">
    <ele>217.94000000000003</ele>
   </trkpt>
   <trkpt lat="36.255430000000004" lon="-86.94695">
    <ele>217.08</ele>
   </trkpt>
   <trkpt lat="36.25535" lon="-86.94691">
    <ele>216.88000000000002</ele>
   </trkpt>
   <trkpt lat="36.25531" lon="-86.94679000000001">
    <ele>217.08</ele>
   </trkpt>
   <trkpt lat="36.25544" lon="-86.94646">
    <ele>219.15</ele>
   </trkpt>
   <trkpt lat="36.255570000000006" lon="-86.94637">
    <ele>220.07000000000002</ele>
   </trkpt>
   <trkpt lat="36.2556" lon="-86.94625">
    <ele>220.8</ele>
   </trkpt>
   <trkpt lat="36.255660000000006" lon="-86.94624">
    <ele>220.8</ele>
   </trkpt>
   <trkpt lat="36.25587" lon="-86.94598">
    <ele>222.16000000000003</ele>
   </trkpt>
   <trkpt lat="36.256060000000005" lon="-86.9457">
    <ele>222.16000000000003</ele>
   </trkpt>
   <trkpt lat="36.256170000000004" lon="-86.94558">
    <ele>224.25</ele>
   </trkpt>
   <trkpt lat="36.256350000000005" lon="-86.94535">
    <ele>225.51000000000002</ele>
   </trkpt>
   <trkpt lat="36.25643" lon="-86.9453">
    <ele>225.51000000000002</ele>
   </trkpt>
   <trkpt lat="36.25647" lon="-86.94521">
    <ele>228.32000000000002</ele>
   </trkpt>
   <trkpt lat="36.25674" lon="-86.94495">
    <ele>230.12</ele>
   </trkpt>
   <trkpt lat="36.256820000000005" lon="-86.9448">
    <ele>231.8</ele>
   </trkpt>
   <trkpt lat="36.25685" lon="-86.94449">
    <ele>233.74000000000004</ele>
   </trkpt>
   <trkpt lat="36.256820000000005" lon="-86.94437">
    <ele>233.83</ele>
   </trkpt>
   <trkpt lat="36.25677" lon="-86.94378">
    <ele>233.56</ele>
   </trkpt>
   <trkpt lat="36.25683" lon="-86.94348000000001">
    <ele>233.70000000000002</ele>
   </trkpt>
   <trkpt lat="36.256840000000004" lon="-86.94317000000001">
    <ele>233.36</ele>
   </trkpt>
   <trkpt lat="36.25677" lon="-86.94283">
    <ele>233.33</ele>
   </trkpt>
   <trkpt lat="36.25672" lon="-86.94274">
    <ele>233.47</ele>
   </trkpt>
   <trkpt lat="36.256530000000005" lon="-86.94263000000001">
    <ele>234.79000000000002</ele>
   </trkpt>
   <trkpt lat="36.256420000000006" lon="-86.94262">
    <ele>235.75</ele>
   </trkpt>
   <trkpt lat="36.255990000000004" lon="-86.94271">
    <ele>240.97</ele>
   </trkpt>
   <trkpt lat="36.255860000000006" lon="-86.94276">
    <ele>241.40000000000003</ele>
   </trkpt>
   <trkpt lat="36.25574" lon="-86.94284">
    <ele>242.04000000000002</ele>
   </trkpt>
   <trkpt lat="36.255520000000004" lon="-86.94293">
    <ele>243.17000000000002</ele>
   </trkpt>
   <trkpt lat="36.25545" lon="-86.94301">
    <ele>243.44000000000003</ele>
   </trkpt>
   <trkpt lat="36.25527" lon="-86.94343">
    <ele>242.67000000000002</ele>
   </trkpt>
   <trkpt lat="36.25526" lon="-86.9435">
    <ele>242.40000000000003</ele>
   </trkpt>
   <trkpt lat="36.255160000000004" lon="-86.94356">
    <ele>241.72000000000003</ele>
   </trkpt>
   <trkpt lat="36.254740000000005" lon="-86.9435">
    <ele>237.17000000000002</ele>
   </trkpt>
   <trkpt lat="36.254650000000005" lon="-86.9435">
    <ele>236.74</ele>
   </trkpt>
   <trkpt lat="36.254470000000005" lon="-86.94355">
    <ele>236.19</ele>
   </trkpt>
   <trkpt lat="36.25432" lon="-86.94364">
    <ele>235.67000000000002</ele>
   </trkpt>
   <trkpt lat="36.25424" lon="-86.94374">
    <ele>235.24000000000004</ele>
   </trkpt>
   <trkpt lat="36.25408" lon="-86.94432">
    <ele>233.35000000000002</ele>
   </trkpt>
   <trkpt lat="36.25405" lon="-86.94454">
    <ele>232.91</ele>
   </trkpt>
   <trkpt lat="36.2541" lon="-86.9448">
    <ele>232.26000000000002</ele>
   </trkpt>
   <trkpt lat="36.25415" lon="-86.94549">
    <ele>232.08</ele>
   </trkpt>
   <trkpt lat="36.254020000000004" lon="-86.9458">
    <ele>231.5</ele>
   </trkpt>
   <trkpt lat="36.25401" lon="-86.94588">
    <ele>230.93</ele>
   </trkpt>
   <trkpt lat="36.253840000000004" lon="-86.94637">
    <ele>226.72</ele>
   </trkpt>
   <trkpt lat="36.25374" lon="-86.94669">
    <ele>222.96</ele>
   </trkpt>
   <trkpt lat="36.253730000000004" lon="-86.94677">
    <ele>222.96</ele>
   </trkpt>
   <trkpt lat="36.253750000000004" lon="-86.94691">
    <ele>220.19000000000003</ele>
   </trkpt>
   <trkpt lat="36.253730000000004" lon="-86.94696">
    <ele>219.61</ele>
   </trkpt>
   <trkpt lat="36.25367" lon="-86.94704">
    <ele>218.83</ele>
   </trkpt>
   <trkpt lat="36.25361" lon="-86.94704">
    <ele>218.68</ele>
   </trkpt>
   <trkpt lat="36.25356" lon="-86.94696">
    <ele>218.81</ele>
   </trkpt>
   <trkpt lat="36.25345" lon="-86.94665">
    <ele>220.66000000000003</ele>
   </trkpt>
   <trkpt lat="36.253400000000006" lon="-86.94637">
    <ele>222.00000000000003</ele>
   </trkpt>
   <trkpt lat="36.25339" lon="-86.94585000000001">
    <ele>223.71</ele>
   </trkpt>
   <trkpt lat="36.25329" lon="-86.94565">
    <ele>224.8</ele>
   </trkpt>
   <trkpt lat="36.25318" lon="-86.94553">
    <ele>225.85000000000002</ele>
   </trkpt>
   <trkpt lat="36.253060000000005" lon="-86.94521">
    <ele>228.77</ele>
   </trkpt>
   <trkpt lat="36.25294" lon="-86.94504">
    <ele>227.46</ele>
   </trkpt>
   <trkpt lat="36.25282" lon="-86.94489">
    <ele>224.42000000000002</ele>
   </trkpt>
   <trkpt lat="36.252790000000005" lon="-86.94481">
    <ele>223.13000000000002</ele>
   </trkpt>
   <trkpt lat="36.2528" lon="-86.94469000000001">
    <ele>222.50000000000003</ele>
   </trkpt>
   <trkpt lat="36.25296" lon="-86.94451000000001">
    <ele>223.45000000000002</ele>
   </trkpt>
   <trkpt lat="36.253150000000005" lon="-86.94436">
    <ele>224.88000000000002</ele>
   </trkpt>
   <trkpt lat="36.25336" lon="-86.94413">
    <ele>229.62</ele>
   </trkpt>
   <trkpt lat="36.25352" lon="-86.94404">
    <ele>231.62</ele>
   </trkpt>
   <trkpt lat="36.253730000000004" lon="-86.94388000000001">
    <ele>234.39000000000001</ele>
   </trkpt>
   <trkpt lat="36.253840000000004" lon="-86.94374">
    <ele>234.71000000000004</ele>
   </trkpt>
   <trkpt lat="36.25386" lon="-86.94364">
    <ele>234.72</ele>
   </trkpt>
   <trkpt lat="36.253930000000004" lon="-86.94352">
    <ele>234.71000000000004</ele>
   </trkpt>
   <trkpt lat="36.254000000000005" lon="-86.94330000000001">
    <ele>234.66</ele>
   </trkpt>
   <trkpt lat="36.254070000000006" lon="-86.94321000000001">
    <ele>234.86</ele>
   </trkpt>
   <trkpt lat="36.254110000000004" lon="-86.9431">
    <ele>235.35000000000002</ele>
   </trkpt>
   <trkpt lat="36.254430000000006" lon="-86.9428">
    <ele>239.98000000000002</ele>
   </trkpt>
   <trkpt lat="36.25453" lon="-86.94265">
    <ele>240.87000000000003</ele>
   </trkpt>
   <trkpt lat="36.254670000000004" lon="-86.94252">
    <ele>243.33</ele>
   </trkpt>
   <trkpt lat="36.25473" lon="-86.94243">
    <ele>243.69000000000003</ele>
   </trkpt>
   <trkpt lat="36.25486" lon="-86.9423">
    <ele>244.95000000000002</ele>
   </trkpt>
   <trkpt lat="36.25497" lon="-86.94209000000001">
    <ele>246.50000000000003</ele>
   </trkpt>
   <trkpt lat="36.255050000000004" lon="-86.94189">
    <ele>246.8</ele>
   </trkpt>
   <trkpt lat="36.25506" lon="-86.94178000000001">
    <ele>246.4</ele>
   </trkpt>
   <trkpt lat="36.25504" lon="-86.94149">
    <ele>243.73000000000002</ele>
   </trkpt>
   <trkpt lat="36.255010000000006" lon="-86.94133000000001">
    <ele>243.36</ele>
   </trkpt>
   <trkpt lat="36.25502" lon="-86.94118">
    <ele>242.37000000000003</ele>
   </trkpt>
   <trkpt lat="36.255050000000004" lon="-86.94109">
    <ele>242.1</ele>
   </trkpt>
   <trkpt lat="36.25535" lon="-86.94073">
    <ele>239.19</ele>
   </trkpt>
   <trkpt lat="36.25544" lon="-86.94051">
    <ele>238.82000000000002</ele>
   </trkpt>
   <trkpt lat="36.25545" lon="-86.94029">
    <ele>239.66</ele>
   </trkpt>
   <trkpt lat="36.25544" lon="-86.94016">
    <ele>240.79000000000002</ele>
   </trkpt>
   <trkpt lat="36.255410000000005" lon="-86.94006">
    <ele>241.25000000000003</ele>
   </trkpt>
   <trkpt lat="36.25526" lon="-86.93979">
    <ele>241.62000000000003</ele>
   </trkpt>
   <trkpt lat="36.25544" lon="-86.93943">
    <ele>242.39000000000001</ele>
   </trkpt>
   <trkpt lat="36.2556" lon="-86.9393">
    <ele>243.42000000000002</ele>
   </trkpt>
   <trkpt lat="36.25574" lon="-86.93907">
    <ele>243.81000000000003</ele>
   </trkpt>
   <trkpt lat="36.2558" lon="-86.93885">
    <ele>243.77</ele>
   </trkpt>
   <trkpt lat="36.25583" lon="-86.93846">
    <ele>243.43</ele>
   </trkpt>
   <trkpt lat="36.25578" lon="-86.93828">
    <ele>243.11</ele>
   </trkpt>
   <trkpt lat="36.255680000000005" lon="-86.93805">
    <ele>243.82</ele>
   </trkpt>
   <trkpt lat="36.255630000000004" lon="-86.938">
    <ele>243.97000000000003</ele>
   </trkpt>
   <trkpt lat="36.255410000000005" lon="-86.938">
    <ele>242.74</ele>
   </trkpt>
   <trkpt lat="36.255230000000005" lon="-86.93811000000001">
    <ele>242.3</ele>
   </trkpt>
   <trkpt lat="36.255010000000006" lon="-86.93818">
    <ele>242.99</ele>
   </trkpt>
   <trkpt lat="36.254900000000006" lon="-86.93813">
    <ele>243.32</ele>
   </trkpt>
   <trkpt lat="36.2547" lon="-86.938">
    <ele>245.08</ele>
   </trkpt>
   <trkpt lat="36.25453" lon="-86.93764">
    <ele>247.87</ele>
   </trkpt>
   <trkpt lat="36.2545" lon="-86.93737">
    <ele>248.67000000000002</ele>
   </trkpt>
   <trkpt lat="36.2545" lon="-86.93717000000001">
    <ele>248.77</ele>
   </trkpt>
   <trkpt lat="36.254540000000006" lon="-86.93692">
    <ele>248.81000000000003</ele>
   </trkpt>
   <trkpt lat="36.25466" lon="-86.93684">
    <ele>248.75000000000003</ele>
   </trkpt>
   <trkpt lat="36.254850000000005" lon="-86.93690000000001">
    <ele>247.89000000000001</ele>
   </trkpt>
   <trkpt lat="36.255120000000005" lon="-86.93719">
    <ele>248.4</ele>
   </trkpt>
   <trkpt lat="36.25538" lon="-86.93733">
    <ele>248.15</ele>
   </trkpt>
   <trkpt lat="36.25558" lon="-86.93748000000001">
    <ele>247.26</ele>
   </trkpt>
   <trkpt lat="36.25573" lon="-86.93755">
    <ele>247.19000000000003</ele>
   </trkpt>
   <trkpt lat="36.255790000000005" lon="-86.93764">
    <ele>247.53000000000003</ele>
   </trkpt>
   <trkpt lat="36.255900000000004" lon="-86.93768">
    <ele>247.61</ele>
   </trkpt>
   <trkpt lat="36.256150000000005" lon="-86.93768">
    <ele>247.44000000000003</ele>
   </trkpt>
   <trkpt lat="36.2562" lon="-86.93764">
    <ele>247.46</ele>
   </trkpt>
   <trkpt lat="36.256400000000006" lon="-86.93759">
    <ele>247.69000000000003</ele>
   </trkpt>
   <trkpt lat="36.256440000000005" lon="-86.93752">
    <ele>247.85000000000002</ele>
   </trkpt>
   <trkpt lat="36.25654" lon="-86.93748000000001">
    <ele>247.85000000000002</ele>
   </trkpt>
   <trkpt lat="36.256620000000005" lon="-86.93742">
    <ele>247.75000000000003</ele>
   </trkpt>
   <trkpt lat="36.256660000000004" lon="-86.93733">
    <ele>247.65</ele>
   </trkpt>
   <trkpt lat="36.256800000000005" lon="-86.93716">
    <ele>246.66000000000003</ele>
   </trkpt>
   <trkpt lat="36.25697" lon="-86.93702">
    <ele>246.51</ele>
   </trkpt>
   <trkpt lat="36.257090000000005" lon="-86.93703000000001">
    <ele>246.73000000000002</ele>
   </trkpt>
   <trkpt lat="36.257310000000004" lon="-86.93701">
    <ele>246.94000000000003</ele>
   </trkpt>
   <trkpt lat="36.25748" lon="-86.93703000000001">
    <ele>246.27</ele>
   </trkpt>
   <trkpt lat="36.25753" lon="-86.93698">
    <ele>246.27</ele>
   </trkpt>
   <trkpt lat="36.257600000000004" lon="-86.93697">
    <ele>244.85</ele>
   </trkpt>
   <trkpt lat="36.25775" lon="-86.93697">
    <ele>244.00000000000003</ele>
   </trkpt>
   <trkpt lat="36.25788" lon="-86.93688">
    <ele>242.26000000000002</ele>
   </trkpt>
   <trkpt lat="36.25842" lon="-86.93699000000001">
    <ele>238.37000000000003</ele>
   </trkpt>
   <trkpt lat="36.25902" lon="-86.93706">
    <ele>230.72</ele>
   </trkpt>
   <trkpt lat="36.25923" lon="-86.93717000000001">
    <ele>229.20000000000002</ele>
   </trkpt>
   <trkpt lat="36.25927" lon="-86.93722000000001">
    <ele>229.20000000000002</ele>
   </trkpt>
   <trkpt lat="36.259260000000005" lon="-86.93721000000001">
    <ele>229.20000000000002</ele>
   </trkpt>
   <trkpt lat="36.2595" lon="-86.93742">
    <ele>227.29000000000002</ele>
   </trkpt>
   <trkpt lat="36.259690000000006" lon="-86.93751">
    <ele>225.15</ele>
   </trkpt>
   <trkpt lat="36.259730000000005" lon="-86.93757000000001">
    <ele>224.72000000000003</ele>
   </trkpt>
   <trkpt lat="36.259750000000004" lon="-86.93777">
    <ele>222.82000000000002</ele>
   </trkpt>
   <trkpt lat="36.25972" lon="-86.93795">
    <ele>220.03000000000003</ele>
   </trkpt>
   <trkpt lat="36.259640000000005" lon="-86.93806000000001">
    <ele>218.74</ele>
   </trkpt>
   <trkpt lat="36.2595" lon="-86.93819">
    <ele>216.35000000000002</ele>
   </trkpt>
   <trkpt lat="36.259440000000005" lon="-86.93827">
    <ele>214.89000000000001</ele>
   </trkpt>
   <trkpt lat="36.259440000000005" lon="-86.93831">
    <ele>214.08</ele>
   </trkpt>
   <trkpt lat="36.25988" lon="-86.93822">
    <ele>207.01000000000002</ele>
   </trkpt>
   <trkpt lat="36.25999" lon="-86.93818">
    <ele>204.5</ele>
   </trkpt>
   <trkpt lat="36.26028" lon="-86.93813">
    <ele>199.58</ele>
   </trkpt>
   <trkpt lat="36.26039" lon="-86.93809">
    <ele>197.76000000000002</ele>
   </trkpt>
   <trkpt lat="36.260580000000004" lon="-86.93786">
    <ele>195.86</ele>
   </trkpt>
   <trkpt lat="36.260630000000006" lon="-86.93773">
    <ele>195.67000000000002</ele>
   </trkpt>
   <trkpt lat="36.26064" lon="-86.93764">
    <ele>195.18</ele>
   </trkpt>
   <trkpt lat="36.26062" lon="-86.93742">
    <ele>194.33</ele>
   </trkpt>
   <trkpt lat="36.26042" lon="-86.93721000000001">
    <ele>194.97</ele>
   </trkpt>
   <trkpt lat="36.26034000000001" lon="-86.93717000000001">
    <ele>195.04000000000002</ele>
   </trkpt>
   <trkpt lat="36.260160000000006" lon="-86.93699000000001">
    <ele>191.92000000000002</ele>
   </trkpt>
   <trkpt lat="36.26001" lon="-86.93674">
    <ele>189.22000000000003</ele>
   </trkpt>
   <trkpt lat="36.25985" lon="-86.93665">
    <ele>187.12</ele>
   </trkpt>
   <trkpt lat="36.25979" lon="-86.93656">
    <ele>186.74</ele>
   </trkpt>
   <trkpt lat="36.25965" lon="-86.93625">
    <ele>189.94000000000003</ele>
   </trkpt>
   <trkpt lat="36.259550000000004" lon="-86.93609000000001">
    <ele>193.16000000000003</ele>
   </trkpt>
   <trkpt lat="36.2595" lon="-86.93595">
    <ele>194.48000000000002</ele>
   </trkpt>
   <trkpt lat="36.259510000000006" lon="-86.93585">
    <ele>196.19</ele>
   </trkpt>
   <trkpt lat="36.25985" lon="-86.93513">
    <ele>206.23000000000002</ele>
   </trkpt>
   <trkpt lat="36.25985" lon="-86.93509">
    <ele>207.18000000000004</ele>
   </trkpt>
   <trkpt lat="36.260040000000004" lon="-86.93466000000001">
    <ele>215.77</ele>
   </trkpt>
   <trkpt lat="36.26008" lon="-86.93455">
    <ele>218.52</ele>
   </trkpt>
   <trkpt lat="36.26012" lon="-86.93451">
    <ele>218.52</ele>
   </trkpt>
   <trkpt lat="36.260130000000004" lon="-86.93461">
    <ele>220.03000000000003</ele>
   </trkpt>
   <trkpt lat="36.260110000000005" lon="-86.93483">
    <ele>222.03</ele>
   </trkpt>
   <trkpt lat="36.26014" lon="-86.93518">
    <ele>225.49</ele>
   </trkpt>
   <trkpt lat="36.26014" lon="-86.93545">
    <ele>226.8</ele>
   </trkpt>
   <trkpt lat="36.26017" lon="-86.93563">
    <ele>227.19000000000003</ele>
   </trkpt>
   <trkpt lat="36.260310000000004" lon="-86.93577">
    <ele>227.67000000000002</ele>
   </trkpt>
   <trkpt lat="36.26068" lon="-86.93594">
    <ele>230.15</ele>
   </trkpt>
   <trkpt lat="36.26088" lon="-86.93589">
    <ele>232.54000000000002</ele>
   </trkpt>
   <trkpt lat="36.26095" lon="-86.9359">
    <ele>232.85000000000002</ele>
   </trkpt>
   <trkpt lat="36.26102" lon="-86.93589">
    <ele>233.25</ele>
   </trkpt>
   <trkpt lat="36.261030000000005" lon="-86.93585">
    <ele>233.25</ele>
   </trkpt>
   <trkpt lat="36.26102" lon="-86.93576">
    <ele>233.41</ele>
   </trkpt>
   <trkpt lat="36.261120000000005" lon="-86.93527">
    <ele>232.49000000000004</ele>
   </trkpt>
   <trkpt lat="36.261230000000005" lon="-86.93497">
    <ele>233.18000000000004</ele>
   </trkpt>
   <trkpt lat="36.26133" lon="-86.93483">
    <ele>233.64000000000001</ele>
   </trkpt>
   <trkpt lat="36.26138" lon="-86.93465">
    <ele>234.24000000000004</ele>
   </trkpt>
   <trkpt lat="36.26137" lon="-86.9346">
    <ele>234.24000000000004</ele>
   </trkpt>
   <trkpt lat="36.261250000000004" lon="-86.93452">
    <ele>234.27</ele>
   </trkpt>
   <trkpt lat="36.261140000000005" lon="-86.93442">
    <ele>233.71000000000004</ele>
   </trkpt>
   <trkpt lat="36.260920000000006" lon="-86.93424">
    <ele>231.82000000000002</ele>
   </trkpt>
   <trkpt lat="36.26073" lon="-86.93393">
    <ele>231.25</ele>
   </trkpt>
   <trkpt lat="36.260690000000004" lon="-86.93379">
    <ele>232.21000000000004</ele>
   </trkpt>
   <trkpt lat="36.26071" lon="-86.93348">
    <ele>232.76000000000002</ele>
   </trkpt>
   <trkpt lat="36.260830000000006" lon="-86.9333">
    <ele>231.88000000000002</ele>
   </trkpt>
   <trkpt lat="36.260920000000006" lon="-86.93322">
    <ele>231.08</ele>
   </trkpt>
   <trkpt lat="36.26138" lon="-86.93298">
    <ele>227.37</ele>
   </trkpt>
   <trkpt lat="36.26151" lon="-86.93295">
    <ele>226.70000000000002</ele>
   </trkpt>
   <trkpt lat="36.262240000000006" lon="-86.93294">
    <ele>222.46</ele>
   </trkpt>
   <trkpt lat="36.262420000000006" lon="-86.93287000000001">
    <ele>222.44000000000003</ele>
   </trkpt>
   <trkpt lat="36.26254" lon="-86.93278000000001">
    <ele>222.73000000000002</ele>
   </trkpt>
   <trkpt lat="36.262600000000006" lon="-86.93267">
    <ele>222.51000000000002</ele>
   </trkpt>
   <trkpt lat="36.26249" lon="-86.93249">
    <ele>221.71</ele>
   </trkpt>
   <trkpt lat="36.26212" lon="-86.93220000000001">
    <ele>219.17000000000002</ele>
   </trkpt>
   <trkpt lat="36.261950000000006" lon="-86.93205">
    <ele>216.91000000000003</ele>
   </trkpt>
   <trkpt lat="36.26171" lon="-86.93193000000001">
    <ele>215.19000000000003</ele>
   </trkpt>
   <trkpt lat="36.261500000000005" lon="-86.93175000000001">
    <ele>210.81000000000003</ele>
   </trkpt>
   <trkpt lat="36.26136" lon="-86.93168">
    <ele>209.48000000000002</ele>
   </trkpt>
   <trkpt lat="36.26137" lon="-86.93169">
    <ele>209.48000000000002</ele>
   </trkpt>
   <trkpt lat="36.261100000000006" lon="-86.93151">
    <ele>205.53</ele>
   </trkpt>
   <trkpt lat="36.261" lon="-86.93151">
    <ele>202.95000000000002</ele>
   </trkpt>
   <trkpt lat="36.26099" lon="-86.93147">
    <ele>201.3</ele>
   </trkpt>
   <trkpt lat="36.26109" lon="-86.93142">
    <ele>200.55</ele>
   </trkpt>
   <trkpt lat="36.26113" lon="-86.93135000000001">
    <ele>199.19</ele>
   </trkpt>
   <trkpt lat="36.26136" lon="-86.93134">
    <ele>196.16000000000003</ele>
   </trkpt>
   <trkpt lat="36.26171" lon="-86.93138">
    <ele>192.48000000000002</ele>
   </trkpt>
   <trkpt lat="36.261970000000005" lon="-86.93146">
    <ele>191.04000000000002</ele>
   </trkpt>
   <trkpt lat="36.262170000000005" lon="-86.93147">
    <ele>188.82000000000002</ele>
   </trkpt>
   <trkpt lat="36.262510000000006" lon="-86.93142">
    <ele>184.50000000000003</ele>
   </trkpt>
   <trkpt lat="36.26234" lon="-86.93138">
    <ele>183.29</ele>
   </trkpt>
   <trkpt lat="36.26202" lon="-86.93128">
    <ele>180.42000000000002</ele>
   </trkpt>
   <trkpt lat="36.26192" lon="-86.93117000000001">
    <ele>177.88</ele>
   </trkpt>
   <trkpt lat="36.261810000000004" lon="-86.93098">
    <ele>175.14000000000001</ele>
   </trkpt>
   <trkpt lat="36.2618" lon="-86.93092">
    <ele>174.79</ele>
   </trkpt>
   <trkpt lat="36.26182" lon="-86.93088">
    <ele>174.62000000000003</ele>
   </trkpt>
   <trkpt lat="36.262060000000005" lon="-86.93094">
    <ele>176.51000000000002</ele>
   </trkpt>
   <trkpt lat="36.262420000000006" lon="-86.93089">
    <ele>181.58</ele>
   </trkpt>
   <trkpt lat="36.26247" lon="-86.93088">
    <ele>183.21</ele>
   </trkpt>
   <trkpt lat="36.262570000000004" lon="-86.93075">
    <ele>185.24</ele>
   </trkpt>
   <trkpt lat="36.262800000000006" lon="-86.93061">
    <ele>186.38000000000002</ele>
   </trkpt>
   <trkpt lat="36.26285" lon="-86.93053">
    <ele>187.88000000000002</ele>
   </trkpt>
   <trkpt lat="36.262840000000004" lon="-86.93043">
    <ele>188.15</ele>
   </trkpt>
   <trkpt lat="36.262800000000006" lon="-86.9303">
    <ele>188.57000000000002</ele>
   </trkpt>
   <trkpt lat="36.26265" lon="-86.92994">
    <ele>191.48000000000002</ele>
   </trkpt>
   <trkpt lat="36.26252" lon="-86.92954">
    <ele>193.28</ele>
   </trkpt>
   <trkpt lat="36.26231000000001" lon="-86.92918">
    <ele>197.84</ele>
   </trkpt>
   <trkpt lat="36.262040000000006" lon="-86.92891">
    <ele>204.28</ele>
   </trkpt>
   <trkpt lat="36.26202" lon="-86.92891">
    <ele>204.28</ele>
   </trkpt>
   <trkpt lat="36.26202" lon="-86.92901">
    <ele>205.0</ele>
   </trkpt>
   <trkpt lat="36.26214" lon="-86.92938000000001">
    <ele>209.05</ele>
   </trkpt>
   <trkpt lat="36.26223" lon="-86.92978000000001">
    <ele>212.63</ele>
   </trkpt>
   <trkpt lat="36.262220000000006" lon="-86.92987000000001">
    <ele>212.63</ele>
   </trkpt>
   <trkpt lat="36.26211" lon="-86.93003">
    <ele>214.45000000000002</ele>
   </trkpt>
   <trkpt lat="36.262010000000004" lon="-86.93003">
    <ele>216.23</ele>
   </trkpt>
   <trkpt lat="36.2618" lon="-86.92995">
    <ele>220.79000000000002</ele>
   </trkpt>
   <trkpt lat="36.261500000000005" lon="-86.9298">
    <ele>223.27</ele>
   </trkpt>
   <trkpt lat="36.261250000000004" lon="-86.92963">
    <ele>226.5</ele>
   </trkpt>
   <trkpt lat="36.261140000000005" lon="-86.92958">
    <ele>228.69000000000003</ele>
   </trkpt>
   <trkpt lat="36.26097" lon="-86.92945">
    <ele>231.15</ele>
   </trkpt>
   <trkpt lat="36.26088" lon="-86.9294">
    <ele>232.3</ele>
   </trkpt>
   <trkpt lat="36.26066" lon="-86.92918">
    <ele>235.17000000000002</ele>
   </trkpt>
   <trkpt lat="36.26042" lon="-86.92911000000001">
    <ele>236.34</ele>
   </trkpt>
   <trkpt lat="36.26032" lon="-86.92895">
    <ele>237.17000000000002</ele>
   </trkpt>
   <trkpt lat="36.260270000000006" lon="-86.92882">
    <ele>238.31000000000003</ele>
   </trkpt>
   <trkpt lat="36.26023" lon="-86.92852">
    <ele>239.63</ele>
   </trkpt>
   <trkpt lat="36.26033" lon="-86.92815">
    <ele>239.19</ele>
   </trkpt>
   <trkpt lat="36.260400000000004" lon="-86.92766">
    <ele>240.24</ele>
   </trkpt>
   <trkpt lat="36.2605" lon="-86.92721">
    <ele>241.00000000000003</ele>
   </trkpt>
   <trkpt lat="36.26046" lon="-86.92712">
    <ele>240.97</ele>
   </trkpt>
   <trkpt lat="36.26041" lon="-86.92707">
    <ele>241.01000000000002</ele>
   </trkpt>
   <trkpt lat="36.26033" lon="-86.92703">
    <ele>241.31000000000003</ele>
   </trkpt>
   <trkpt lat="36.26024" lon="-86.92703">
    <ele>241.99</ele>
   </trkpt>
   <trkpt lat="36.260180000000005" lon="-86.92705000000001">
    <ele>241.99</ele>
   </trkpt>
   <trkpt lat="36.25999" lon="-86.92705000000001">
    <ele>244.55</ele>
   </trkpt>
   <trkpt lat="36.25985" lon="-86.92701000000001">
    <ele>245.16000000000003</ele>
   </trkpt>
   <trkpt lat="36.259620000000005" lon="-86.92687000000001">
    <ele>245.12000000000003</ele>
   </trkpt>
   <trkpt lat="36.2595" lon="-86.92667">
    <ele>244.79</ele>
   </trkpt>
   <trkpt lat="36.25939" lon="-86.92664">
    <ele>244.84000000000003</ele>
   </trkpt>
   <trkpt lat="36.259330000000006" lon="-86.92654">
    <ele>245.17000000000002</ele>
   </trkpt>
   <trkpt lat="36.25932" lon="-86.92645">
    <ele>245.17000000000002</ele>
   </trkpt>
   <trkpt lat="36.259350000000005" lon="-86.92636">
    <ele>246.6</ele>
   </trkpt>
   <trkpt lat="36.25934" lon="-86.92627">
    <ele>246.6</ele>
   </trkpt>
   <trkpt lat="36.25925" lon="-86.92613">
    <ele>246.94000000000003</ele>
   </trkpt>
   <trkpt lat="36.259240000000005" lon="-86.92601">
    <ele>247.09000000000003</ele>
   </trkpt>
   <trkpt lat="36.259080000000004" lon="-86.92593000000001">
    <ele>247.27</ele>
   </trkpt>
   <trkpt lat="36.258900000000004" lon="-86.92569">
    <ele>246.9</ele>
   </trkpt>
   <trkpt lat="36.25889" lon="-86.92555">
    <ele>245.41000000000003</ele>
   </trkpt>
   <trkpt lat="36.25885" lon="-86.92542">
    <ele>245.08</ele>
   </trkpt>
   <trkpt lat="36.258840000000006" lon="-86.92524">
    <ele>244.6</ele>
   </trkpt>
   <trkpt lat="36.2588" lon="-86.92512">
    <ele>245.15</ele>
   </trkpt>
   <trkpt lat="36.258790000000005" lon="-86.92501">
    <ele>245.48000000000002</ele>
   </trkpt>
   <trkpt lat="36.25874" lon="-86.92483">
    <ele>247.29</ele>
   </trkpt>
   <trkpt lat="36.258750000000006" lon="-86.92466">
    <ele>248.19000000000003</ele>
   </trkpt>
   <trkpt lat="36.25873" lon="-86.92463000000001">
    <ele>248.77</ele>
   </trkpt>
   <trkpt lat="36.258660000000006" lon="-86.92475">
    <ele>251.38000000000005</ele>
   </trkpt>
   <trkpt lat="36.25862" lon="-86.92476">
    <ele>251.38000000000005</ele>
   </trkpt>
   <trkpt lat="36.25858" lon="-86.92492">
    <ele>252.56</ele>
   </trkpt>
   <trkpt lat="36.258520000000004" lon="-86.92497">
    <ele>253.60999999999999</ele>
   </trkpt>
   <trkpt lat="36.258390000000006" lon="-86.92497">
    <ele>254.45000000000002</ele>
   </trkpt>
   <trkpt lat="36.25838" lon="-86.92497">
    <ele>254.45000000000002</ele>
   </trkpt>
   <trkpt lat="36.25829" lon="-86.92490000000001">
    <ele>254.35000000000002</ele>
   </trkpt>
   <trkpt lat="36.258" lon="-86.92508000000001">
    <ele>251.82999999999998</ele>
   </trkpt>
   <trkpt lat="36.257960000000004" lon="-86.92508000000001">
    <ele>251.82999999999998</ele>
   </trkpt>
   <trkpt lat="36.257830000000006" lon="-86.92516">
    <ele>250.54999999999998</ele>
   </trkpt>
   <trkpt lat="36.25773" lon="-86.92519">
    <ele>250.01</ele>
   </trkpt>
   <trkpt lat="36.257580000000004" lon="-86.92515">
    <ele>247.26</ele>
   </trkpt>
   <trkpt lat="36.257450000000006" lon="-86.92512">
    <ele>246.68</ele>
   </trkpt>
   <trkpt lat="36.25733" lon="-86.92515">
    <ele>246.38000000000002</ele>
   </trkpt>
   <trkpt lat="36.25701" lon="-86.92533">
    <ele>244.6</ele>
   </trkpt>
   <trkpt lat="36.256550000000004" lon="-86.92573">
    <ele>236.39000000000001</ele>
   </trkpt>
   <trkpt lat="36.256420000000006" lon="-86.92586">
    <ele>235.04000000000002</ele>
   </trkpt>
   <trkpt lat="36.25625" lon="-86.926">
    <ele>229.17000000000002</ele>
   </trkpt>
   <trkpt lat="36.25625" lon="-86.92587">
    <ele>227.22</ele>
   </trkpt>
   <trkpt lat="36.256330000000005" lon="-86.92546">
    <ele>221.46</ele>
   </trkpt>
   <trkpt lat="36.25654" lon="-86.92512">
    <ele>217.93</ele>
   </trkpt>
   <trkpt lat="36.25657" lon="-86.92497">
    <ele>215.39000000000001</ele>
   </trkpt>
   <trkpt lat="36.256730000000005" lon="-86.92454000000001">
    <ele>209.68</ele>
   </trkpt>
   <trkpt lat="36.256780000000006" lon="-86.92444">
    <ele>209.19</ele>
   </trkpt>
   <trkpt lat="36.256910000000005" lon="-86.92432000000001">
    <ele>207.27</ele>
   </trkpt>
   <trkpt lat="36.257130000000004" lon="-86.92399">
    <ele>200.62</ele>
   </trkpt>
   <trkpt lat="36.25712" lon="-86.92398">
    <ele>200.62</ele>
   </trkpt>
   <trkpt lat="36.25701" lon="-86.92403">
    <ele>197.31</ele>
   </trkpt>
   <trkpt lat="36.25677" lon="-86.92407">
    <ele>195.5</ele>
   </trkpt>
   <trkpt lat="36.25677" lon="-86.92403">
    <ele>195.71</ele>
   </trkpt>
   <trkpt lat="36.256870000000006" lon="-86.92381">
    <ele>198.8</ele>
   </trkpt>
   <trkpt lat="36.25677" lon="-86.92381">
    <ele>202.01000000000002</ele>
   </trkpt>
   <trkpt lat="36.25648" lon="-86.92376">
    <ele>204.67000000000002</ele>
   </trkpt>
   <trkpt lat="36.25638" lon="-86.92376">
    <ele>204.72</ele>
   </trkpt>
   <trkpt lat="36.25638" lon="-86.92378000000001">
    <ele>204.72</ele>
   </trkpt>
   <trkpt lat="36.25649" lon="-86.92396000000001">
    <ele>205.55</ele>
   </trkpt>
   <trkpt lat="36.256460000000004" lon="-86.92408">
    <ele>205.71</ele>
   </trkpt>
   <trkpt lat="36.25625" lon="-86.92443">
    <ele>209.64000000000001</ele>
   </trkpt>
   <trkpt lat="36.25592" lon="-86.92479">
    <ele>214.86</ele>
   </trkpt>
   <trkpt lat="36.255860000000006" lon="-86.92493">
    <ele>215.22000000000003</ele>
   </trkpt>
   <trkpt lat="36.255720000000004" lon="-86.92515">
    <ele>216.39000000000001</ele>
   </trkpt>
   <trkpt lat="36.25551" lon="-86.92524">
    <ele>220.79000000000002</ele>
   </trkpt>
   <trkpt lat="36.25558" lon="-86.92499000000001">
    <ele>226.03</ele>
   </trkpt>
   <trkpt lat="36.255590000000005" lon="-86.92489">
    <ele>227.75</ele>
   </trkpt>
   <trkpt lat="36.255630000000004" lon="-86.92483">
    <ele>228.47</ele>
   </trkpt>
   <trkpt lat="36.25567" lon="-86.92466">
    <ele>230.30000000000004</ele>
   </trkpt>
   <trkpt lat="36.255750000000006" lon="-86.92450000000001">
    <ele>231.25</ele>
   </trkpt>
   <trkpt lat="36.255810000000004" lon="-86.92423000000001">
    <ele>234.03</ele>
   </trkpt>
   <trkpt lat="36.255790000000005" lon="-86.92407">
    <ele>234.57000000000002</ele>
   </trkpt>
   <trkpt lat="36.255810000000004" lon="-86.9239">
    <ele>234.90000000000003</ele>
   </trkpt>
   <trkpt lat="36.255750000000006" lon="-86.92369000000001">
    <ele>234.79000000000002</ele>
   </trkpt>
   <trkpt lat="36.25574" lon="-86.92358">
    <ele>234.56</ele>
   </trkpt>
   <trkpt lat="36.25585" lon="-86.92331">
    <ele>233.9</ele>
   </trkpt>
   <trkpt lat="36.25596" lon="-86.92314">
    <ele>235.16</ele>
   </trkpt>
   <trkpt lat="36.256130000000006" lon="-86.92297">
    <ele>237.09000000000003</ele>
   </trkpt>
   <trkpt lat="36.25621" lon="-86.92295">
    <ele>237.07000000000002</ele>
   </trkpt>
   <trkpt lat="36.256280000000004" lon="-86.92287">
    <ele>236.65000000000003</ele>
   </trkpt>
   <trkpt lat="36.25632" lon="-86.92278">
    <ele>236.36</ele>
   </trkpt>
   <trkpt lat="36.256280000000004" lon="-86.92264">
    <ele>235.39000000000001</ele>
   </trkpt>
   <trkpt lat="36.256150000000005" lon="-86.92251">
    <ele>234.98000000000002</ele>
   </trkpt>
   <trkpt lat="36.255810000000004" lon="-86.92235000000001">
    <ele>237.64000000000001</ele>
   </trkpt>
   <trkpt lat="36.25567" lon="-86.92224">
    <ele>237.89000000000001</ele>
   </trkpt>
   <trkpt lat="36.255500000000005" lon="-86.92224">
    <ele>237.91</ele>
   </trkpt>
   <trkpt lat="36.25527" lon="-86.9222">
    <ele>236.75</ele>
   </trkpt>
   <trkpt lat="36.255100000000006" lon="-86.92221">
    <ele>236.32000000000002</ele>
   </trkpt>
   <trkpt lat="36.25498" lon="-86.92217000000001">
    <ele>236.45000000000002</ele>
   </trkpt>
   <trkpt lat="36.25473" lon="-86.92197">
    <ele>237.75</ele>
   </trkpt>
   <trkpt lat="36.254740000000005" lon="-86.92175">
    <ele>236.60000000000002</ele>
   </trkpt>
   <trkpt lat="36.254760000000005" lon="-86.92166">
    <ele>236.31</ele>
   </trkpt>
   <trkpt lat="36.25475" lon="-86.92152">
    <ele>236.11</ele>
   </trkpt>
   <trkpt lat="36.2548" lon="-86.9213">
    <ele>235.10000000000002</ele>
   </trkpt>
   <trkpt lat="36.254850000000005" lon="-86.92114000000001">
    <ele>234.82000000000002</ele>
   </trkpt>
   <trkpt lat="36.25486" lon="-86.92078000000001">
    <ele>235.78</ele>
   </trkpt>
   <trkpt lat="36.25484" lon="-86.92063">
    <ele>235.57000000000002</ele>
   </trkpt>
   <trkpt lat="36.25488" lon="-86.9205">
    <ele>234.75</ele>
   </trkpt>
   <trkpt lat="36.254900000000006" lon="-86.92036">
    <ele>234.48000000000002</ele>
   </trkpt>
   <trkpt lat="36.25486" lon="-86.92022">
    <ele>234.76000000000002</ele>
   </trkpt>
   <trkpt lat="36.254830000000005" lon="-86.91991">
    <ele>236.69</ele>
   </trkpt>
   <trkpt lat="36.25493" lon="-86.91969">
    <ele>237.55</ele>
   </trkpt>
   <trkpt lat="36.254940000000005" lon="-86.91948000000001">
    <ele>238.24</ele>
   </trkpt>
   <trkpt lat="36.25506" lon="-86.91902">
    <ele>242.71</ele>
   </trkpt>
   <trkpt lat="36.25515" lon="-86.91888">
    <ele>243.31000000000003</ele>
   </trkpt>
   <trkpt lat="36.25526" lon="-86.91876">
    <ele>244.33</ele>
   </trkpt>
   <trkpt lat="36.255390000000006" lon="-86.91850000000001">
    <ele>246.63000000000002</ele>
   </trkpt>
   <trkpt lat="36.25536" lon="-86.91853">
    <ele>246.53000000000003</ele>
   </trkpt>
   <trkpt lat="36.25545" lon="-86.91844">
    <ele>248.23000000000002</ele>
   </trkpt>
   <trkpt lat="36.255520000000004" lon="-86.91843">
    <ele>248.23000000000002</ele>
   </trkpt>
   <trkpt lat="36.25555" lon="-86.91839">
    <ele>248.23000000000002</ele>
   </trkpt>
   <trkpt lat="36.25558" lon="-86.91817">
    <ele>248.39000000000001</ele>
   </trkpt>
   <trkpt lat="36.255720000000004" lon="-86.91786">
    <ele>245.9</ele>
   </trkpt>
   <trkpt lat="36.25585" lon="-86.91754">
    <ele>246.84000000000003</ele>
   </trkpt>
   <trkpt lat="36.255860000000006" lon="-86.91731">
    <ele>248.3</ele>
   </trkpt>
   <trkpt lat="36.25602" lon="-86.91718">
    <ele>248.59000000000003</ele>
   </trkpt>
   <trkpt lat="36.25607" lon="-86.91709">
    <ele>248.19000000000003</ele>
   </trkpt>
   <trkpt lat="36.25605" lon="-86.91687">
    <ele>248.04</ele>
   </trkpt>
   <trkpt lat="36.2561" lon="-86.91662000000001">
    <ele>248.77</ele>
   </trkpt>
   <trkpt lat="36.25618" lon="-86.91653000000001">
    <ele>248.97000000000003</ele>
   </trkpt>
   <trkpt lat="36.256240000000005" lon="-86.91637">
    <ele>250.19000000000003</ele>
   </trkpt>
   <trkpt lat="36.256310000000006" lon="-86.91626000000001">
    <ele>250.46</ele>
   </trkpt>
   <trkpt lat="36.256370000000004" lon="-86.91624">
    <ele>250.4</ele>
   </trkpt>
   <trkpt lat="36.256460000000004" lon="-86.91624">
    <ele>250.01</ele>
   </trkpt>
   <trkpt lat="36.256660000000004" lon="-86.91616">
    <ele>248.99</ele>
   </trkpt>
   <trkpt lat="36.256800000000005" lon="-86.91616">
    <ele>247.9</ele>
   </trkpt>
   <trkpt lat="36.256930000000004" lon="-86.91606">
    <ele>247.48000000000002</ele>
   </trkpt>
   <trkpt lat="36.2573" lon="-86.91545">
    <ele>249.31000000000003</ele>
   </trkpt>
   <trkpt lat="36.25735" lon="-86.91541000000001">
    <ele>250.22</ele>
   </trkpt>
   <trkpt lat="36.25748" lon="-86.91539">
    <ele>250.35000000000002</ele>
   </trkpt>
   <trkpt lat="36.257690000000004" lon="-86.91548">
    <ele>248.87</ele>
   </trkpt>
   <trkpt lat="36.25786" lon="-86.91548">
    <ele>248.38000000000002</ele>
   </trkpt>
   <trkpt lat="36.25791" lon="-86.91534">
    <ele>247.35000000000002</ele>
   </trkpt>
   <trkpt lat="36.257870000000004" lon="-86.91521">
    <ele>247.65</ele>
   </trkpt>
   <trkpt lat="36.257830000000006" lon="-86.91499">
    <ele>248.89000000000001</ele>
   </trkpt>
   <trkpt lat="36.257830000000006" lon="-86.91477">
    <ele>252.78</ele>
   </trkpt>
   <trkpt lat="36.257850000000005" lon="-86.91456000000001">
    <ele>253.74</ele>
   </trkpt>
   <trkpt lat="36.25790000000001" lon="-86.91438000000001">
    <ele>254.51000000000002</ele>
   </trkpt>
   <trkpt lat="36.25788" lon="-86.91436">
    <ele>255.57000000000002</ele>
   </trkpt>
   <trkpt lat="36.25775" lon="-86.91428">
    <ele>256.24</ele>
   </trkpt>
   <trkpt lat="36.25762" lon="-86.91429000000001">
    <ele>256.92</ele>
   </trkpt>
   <trkpt lat="36.257490000000004" lon="-86.91424">
    <ele>256.90000000000003</ele>
   </trkpt>
   <trkpt lat="36.25728" lon="-86.91420000000001">
    <ele>256.09999999999997</ele>
   </trkpt>
   <trkpt lat="36.257220000000004" lon="-86.91415">
    <ele>255.64000000000001</ele>
   </trkpt>
   <trkpt lat="36.257160000000006" lon="-86.91405">
    <ele>254.36</ele>
   </trkpt>
   <trkpt lat="36.25704" lon="-86.91374">
    <ele>250.25000000000003</ele>
   </trkpt>
   <trkpt lat="36.256980000000006" lon="-86.91369">
    <ele>249.92000000000002</ele>
   </trkpt>
   <trkpt lat="36.257000000000005" lon="-86.91355">
    <ele>249.55</ele>
   </trkpt>
   <trkpt lat="36.25696000000001" lon="-86.91337">
    <ele>251.04000000000005</ele>
   </trkpt>
   <trkpt lat="36.25692" lon="-86.91337">
    <ele>251.04000000000005</ele>
   </trkpt>
   <trkpt lat="36.25688" lon="-86.91342">
    <ele>251.44</ele>
   </trkpt>
   <trkpt lat="36.256710000000005" lon="-86.91346">
    <ele>251.96</ele>
   </trkpt>
   <trkpt lat="36.256620000000005" lon="-86.91337">
    <ele>251.96</ele>
   </trkpt>
   <trkpt lat="36.256600000000006" lon="-86.91328">
    <ele>252.24</ele>
   </trkpt>
   <trkpt lat="36.256150000000005" lon="-86.91285">
    <ele>253.78</ele>
   </trkpt>
   <trkpt lat="36.256040000000006" lon="-86.91285">
    <ele>253.95000000000002</ele>
   </trkpt>
   <trkpt lat="36.25591" lon="-86.91275">
    <ele>254.35000000000002</ele>
   </trkpt>
   <trkpt lat="36.25582" lon="-86.91276">
    <ele>254.35000000000002</ele>
   </trkpt>
   <trkpt lat="36.25576" lon="-86.91279">
    <ele>254.37000000000003</ele>
   </trkpt>
   <trkpt lat="36.25553" lon="-86.9128">
    <ele>256.56</ele>
   </trkpt>
   <trkpt lat="36.255370000000006" lon="-86.91268000000001">
    <ele>257.95</ele>
   </trkpt>
   <trkpt lat="36.25527" lon="-86.91272000000001">
    <ele>258.02000000000004</ele>
   </trkpt>
   <trkpt lat="36.255210000000005" lon="-86.9127">
    <ele>258.02000000000004</ele>
   </trkpt>
   <trkpt lat="36.255100000000006" lon="-86.9127">
    <ele>258.14000000000004</ele>
   </trkpt>
   <trkpt lat="36.255" lon="-86.91261">
    <ele>258.08000000000004</ele>
   </trkpt>
   <trkpt lat="36.255010000000006" lon="-86.91252">
    <ele>257.94</ele>
   </trkpt>
   <trkpt lat="36.255100000000006" lon="-86.91239">
    <ele>257.63</ele>
   </trkpt>
   <trkpt lat="36.2552" lon="-86.91205000000001">
    <ele>256.55</ele>
   </trkpt>
   <trkpt lat="36.25522" lon="-86.91191">
    <ele>256.14000000000004</ele>
   </trkpt>
   <trkpt lat="36.2552" lon="-86.91142">
    <ele>257.57</ele>
   </trkpt>
   <trkpt lat="36.25513" lon="-86.91127">
    <ele>257.20000000000005</ele>
   </trkpt>
   <trkpt lat="36.25504" lon="-86.91118">
    <ele>257.44</ele>
   </trkpt>
   <trkpt lat="36.25502" lon="-86.911">
    <ele>258.0</ele>
   </trkpt>
   <trkpt lat="36.25493" lon="-86.91088">
    <ele>258.65000000000003</ele>
   </trkpt>
   <trkpt lat="36.254850000000005" lon="-86.91064">
    <ele>259.91</ele>
   </trkpt>
   <trkpt lat="36.254900000000006" lon="-86.91055">
    <ele>259.76000000000005</ele>
   </trkpt>
   <trkpt lat="36.25497" lon="-86.91034">
    <ele>259.27</ele>
   </trkpt>
   <trkpt lat="36.25504" lon="-86.91028">
    <ele>259.15000000000003</ele>
   </trkpt>
   <trkpt lat="36.25507" lon="-86.91019">
    <ele>258.70000000000005</ele>
   </trkpt>
   <trkpt lat="36.25508" lon="-86.91007">
    <ele>258.70000000000005</ele>
   </trkpt>
   <trkpt lat="36.255210000000005" lon="-86.90998">
    <ele>258.87000000000006</ele>
   </trkpt>
   <trkpt lat="36.25536" lon="-86.91019">
    <ele>258.8</ele>
   </trkpt>
   <trkpt lat="36.25551" lon="-86.91033">
    <ele>257.94</ele>
   </trkpt>
   <trkpt lat="36.255750000000006" lon="-86.91037">
    <ele>253.76000000000005</ele>
   </trkpt>
   <trkpt lat="36.256220000000006" lon="-86.91024">
    <ele>246.08</ele>
   </trkpt>
   <trkpt lat="36.256550000000004" lon="-86.91008000000001">
    <ele>242.65000000000003</ele>
   </trkpt>
   <trkpt lat="36.256750000000004" lon="-86.91006">
    <ele>240.64000000000001</ele>
   </trkpt>
   <trkpt lat="36.257180000000005" lon="-86.90986000000001">
    <ele>235.14000000000001</ele>
   </trkpt>
   <trkpt lat="36.25742" lon="-86.90981000000001">
    <ele>234.11</ele>
   </trkpt>
   <trkpt lat="36.257690000000004" lon="-86.90981000000001">
    <ele>232.14000000000001</ele>
   </trkpt>
   <trkpt lat="36.25779" lon="-86.90975">
    <ele>231.27000000000004</ele>
   </trkpt>
   <trkpt lat="36.258160000000004" lon="-86.90975">
    <ele>226.88000000000002</ele>
   </trkpt>
   <trkpt lat="36.2582" lon="-86.90984">
    <ele>226.52</ele>
   </trkpt>
   <trkpt lat="36.25853" lon="-86.91028">
    <ele>221.42</ele>
   </trkpt>
   <trkpt lat="36.258590000000005" lon="-86.91064">
    <ele>221.09</ele>
   </trkpt>
   <trkpt lat="36.25867" lon="-86.91082">
    <ele>219.99</ele>
   </trkpt>
   <trkpt lat="36.25865" lon="-86.91136">
    <ele>219.44000000000003</ele>
   </trkpt>
   <trkpt lat="36.25878" lon="-86.9119">
    <ele>216.26</ele>
   </trkpt>
   <trkpt lat="36.258970000000005" lon="-86.9123">
    <ele>209.62000000000003</ele>
   </trkpt>
   <trkpt lat="36.259040000000006" lon="-86.91239">
    <ele>208.25</ele>
   </trkpt>
   <trkpt lat="36.25925" lon="-86.91298">
    <ele>206.52</ele>
   </trkpt>
   <trkpt lat="36.259370000000004" lon="-86.91317000000001">
    <ele>208.74</ele>
   </trkpt>
   <trkpt lat="36.259460000000004" lon="-86.91347">
    <ele>210.57</ele>
   </trkpt>
   <trkpt lat="36.259530000000005" lon="-86.9136">
    <ele>212.00000000000003</ele>
   </trkpt>
   <trkpt lat="36.259600000000006" lon="-86.91364">
    <ele>214.64000000000001</ele>
   </trkpt>
   <trkpt lat="36.259660000000004" lon="-86.91364">
    <ele>215.44000000000003</ele>
   </trkpt>
   <trkpt lat="36.25965" lon="-86.91348">
    <ele>216.78000000000003</ele>
   </trkpt>
   <trkpt lat="36.259620000000005" lon="-86.91337">
    <ele>218.42000000000002</ele>
   </trkpt>
   <trkpt lat="36.259640000000005" lon="-86.91324">
    <ele>219.73000000000002</ele>
   </trkpt>
   <trkpt lat="36.259620000000005" lon="-86.91311">
    <ele>220.41000000000003</ele>
   </trkpt>
   <trkpt lat="36.25963" lon="-86.91288">
    <ele>222.89</ele>
   </trkpt>
   <trkpt lat="36.2597" lon="-86.91275">
    <ele>224.20000000000002</ele>
   </trkpt>
   <trkpt lat="36.25986" lon="-86.91257">
    <ele>225.71</ele>
   </trkpt>
   <trkpt lat="36.25996" lon="-86.91239">
    <ele>226.27</ele>
   </trkpt>
   <trkpt lat="36.26001" lon="-86.91234">
    <ele>227.39000000000001</ele>
   </trkpt>
   <trkpt lat="36.26008" lon="-86.91234">
    <ele>227.70000000000002</ele>
   </trkpt>
   <trkpt lat="36.26021" lon="-86.91225">
    <ele>228.57000000000002</ele>
   </trkpt>
   <trkpt lat="36.26041" lon="-86.91221">
    <ele>232.05</ele>
   </trkpt>
   <trkpt lat="36.260690000000004" lon="-86.91221">
    <ele>233.88000000000002</ele>
   </trkpt>
   <trkpt lat="36.26073" lon="-86.91216">
    <ele>233.88000000000002</ele>
   </trkpt>
   <trkpt lat="36.2608" lon="-86.91214000000001">
    <ele>234.15000000000003</ele>
   </trkpt>
   <trkpt lat="36.26084" lon="-86.91209">
    <ele>234.26000000000002</ele>
   </trkpt>
   <trkpt lat="36.2609" lon="-86.91208">
    <ele>234.45000000000002</ele>
   </trkpt>
   <trkpt lat="36.260960000000004" lon="-86.912">
    <ele>235.18000000000004</ele>
   </trkpt>
   <trkpt lat="36.26111" lon="-86.91192000000001">
    <ele>236.83</ele>
   </trkpt>
   <trkpt lat="36.26122" lon="-86.91168">
    <ele>237.02</ele>
   </trkpt>
   <trkpt lat="36.26124" lon="-86.91147000000001">
    <ele>237.55</ele>
   </trkpt>
   <trkpt lat="36.261210000000005" lon="-86.9114">
    <ele>237.65000000000003</ele>
   </trkpt>
   <trkpt lat="36.26117" lon="-86.91138000000001">
    <ele>237.70000000000002</ele>
   </trkpt>
   <trkpt lat="36.2608" lon="-86.91136">
    <ele>238.41</ele>
   </trkpt>
   <trkpt lat="36.260670000000005" lon="-86.91133">
    <ele>238.57000000000002</ele>
   </trkpt>
   <trkpt lat="36.260580000000004" lon="-86.91127">
    <ele>238.75</ele>
   </trkpt>
   <trkpt lat="36.26055" lon="-86.91122">
    <ele>238.90000000000003</ele>
   </trkpt>
   <trkpt lat="36.26053" lon="-86.9111">
    <ele>239.41</ele>
   </trkpt>
   <trkpt lat="36.260560000000005" lon="-86.91083">
    <ele>241.87000000000003</ele>
   </trkpt>
   <trkpt lat="36.260720000000006" lon="-86.91034">
    <ele>244.1</ele>
   </trkpt>
   <trkpt lat="36.260740000000006" lon="-86.91007">
    <ele>243.51000000000002</ele>
   </trkpt>
   <trkpt lat="36.26075" lon="-86.91002">
    <ele>243.51000000000002</ele>
   </trkpt>
   <trkpt lat="36.26075" lon="-86.91004000000001">
    <ele>243.52</ele>
   </trkpt>
   <trkpt lat="36.26088" lon="-86.90976">
    <ele>244.63</ele>
   </trkpt>
   <trkpt lat="36.260920000000006" lon="-86.90962">
    <ele>244.98000000000002</ele>
   </trkpt>
   <trkpt lat="36.26098" lon="-86.90954">
    <ele>245.13</ele>
   </trkpt>
   <trkpt lat="36.26097" lon="-86.90939">
    <ele>245.20000000000002</ele>
   </trkpt>
   <trkpt lat="36.26106" lon="-86.90912">
    <ele>246.59000000000003</ele>
   </trkpt>
   <trkpt lat="36.26115" lon="-86.90905000000001">
    <ele>248.13000000000002</ele>
   </trkpt>
   <trkpt lat="36.26118" lon="-86.90905000000001">
    <ele>248.10000000000002</ele>
   </trkpt>
   <trkpt lat="36.261280000000006" lon="-86.90887000000001">
    <ele>249.52</ele>
   </trkpt>
   <trkpt lat="36.26138" lon="-86.90876">
    <ele>251.18</ele>
   </trkpt>
   <trkpt lat="36.26155" lon="-86.90863">
    <ele>253.16</ele>
   </trkpt>
   <trkpt lat="36.261610000000005" lon="-86.90863">
    <ele>253.16</ele>
   </trkpt>
   <trkpt lat="36.26198" lon="-86.90855">
    <ele>257.62</ele>
   </trkpt>
   <trkpt lat="36.262150000000005" lon="-86.90845">
    <ele>258.71</ele>
   </trkpt>
   <trkpt lat="36.262220000000006" lon="-86.90827">
    <ele>258.15000000000003</ele>
   </trkpt>
   <trkpt lat="36.26225" lon="-86.90792">
    <ele>256.15000000000003</ele>
   </trkpt>
   <trkpt lat="36.26239" lon="-86.90757">
    <ele>255.52</ele>
   </trkpt>
   <trkpt lat="36.26254" lon="-86.90742">
    <ele>255.95000000000002</ele>
   </trkpt>
   <trkpt lat="36.262840000000004" lon="-86.90742">
    <ele>254.84</ele>
   </trkpt>
   <trkpt lat="36.2629" lon="-86.90737">
    <ele>255.02</ele>
   </trkpt>
   <trkpt lat="36.26299" lon="-86.90734">
    <ele>255.08</ele>
   </trkpt>
   <trkpt lat="36.26306" lon="-86.90734">
    <ele>254.93000000000004</ele>
   </trkpt>
   <trkpt lat="36.26323" lon="-86.90742">
    <ele>254.20000000000005</ele>
   </trkpt>
   <trkpt lat="36.2633" lon="-86.90737">
    <ele>254.23000000000002</ele>
   </trkpt>
   <trkpt lat="36.263450000000006" lon="-86.90724">
    <ele>254.59000000000003</ele>
   </trkpt>
   <trkpt lat="36.26352" lon="-86.90708000000001">
    <ele>254.52</ele>
   </trkpt>
   <trkpt lat="36.263760000000005" lon="-86.9068">
    <ele>252.04999999999998</ele>
   </trkpt>
   <trkpt lat="36.26386" lon="-86.90672">
    <ele>251.46</ele>
   </trkpt>
   <trkpt lat="36.26408" lon="-86.90661">
    <ele>250.72</ele>
   </trkpt>
   <trkpt lat="36.2642" lon="-86.90658">
    <ele>251.54999999999998</ele>
   </trkpt>
   <trkpt lat="36.26431" lon="-86.90659000000001">
    <ele>251.81000000000003</ele>
   </trkpt>
   <trkpt lat="36.26438" lon="-86.90668000000001">
    <ele>252.44</ele>
   </trkpt>
   <trkpt lat="36.26455" lon="-86.9068">
    <ele>253.47000000000003</ele>
   </trkpt>
   <trkpt lat="36.26467" lon="-86.90711">
    <ele>253.47000000000003</ele>
   </trkpt>
   <trkpt lat="36.26476" lon="-86.90744000000001">
    <ele>253.26999999999998</ele>
   </trkpt>
   <trkpt lat="36.2648" lon="-86.90753000000001">
    <ele>253.71000000000004</ele>
   </trkpt>
   <trkpt lat="36.264900000000004" lon="-86.90761">
    <ele>254.28</ele>
   </trkpt>
   <trkpt lat="36.26507" lon="-86.90769">
    <ele>255.13000000000002</ele>
   </trkpt>
   <trkpt lat="36.26518" lon="-86.90764">
    <ele>256.15000000000003</ele>
   </trkpt>
   <trkpt lat="36.26556" lon="-86.90764">
    <ele>259.15000000000003</ele>
   </trkpt>
   <trkpt lat="36.2657" lon="-86.90761">
    <ele>259.36</ele>
   </trkpt>
   <trkpt lat="36.26574" lon="-86.90758000000001">
    <ele>259.36</ele>
   </trkpt>
   <trkpt lat="36.265800000000006" lon="-86.9077">
    <ele>258.09000000000003</ele>
   </trkpt>
   <trkpt lat="36.265950000000004" lon="-86.90787">
    <ele>255.86</ele>
   </trkpt>
   <trkpt lat="36.266180000000006" lon="-86.90822">
    <ele>253.4</ele>
   </trkpt>
   <trkpt lat="36.26635" lon="-86.90836">
    <ele>252.46</ele>
   </trkpt>
   <trkpt lat="36.26653" lon="-86.9084">
    <ele>250.28</ele>
   </trkpt>
   <trkpt lat="36.266650000000006" lon="-86.9084">
    <ele>248.82000000000002</ele>
   </trkpt>
   <trkpt lat="36.266940000000005" lon="-86.90827">
    <ele>247.52</ele>
   </trkpt>
   <trkpt lat="36.267250000000004" lon="-86.90801">
    <ele>249.47000000000003</ele>
   </trkpt>
   <trkpt lat="36.267390000000006" lon="-86.90796">
    <ele>250.19000000000003</ele>
   </trkpt>
   <trkpt lat="36.267680000000006" lon="-86.90752">
    <ele>250.12</ele>
   </trkpt>
   <trkpt lat="36.26778" lon="-86.90715">
    <ele>248.44000000000003</ele>
   </trkpt>
   <trkpt lat="36.26793" lon="-86.90671">
    <ele>244.84000000000003</ele>
   </trkpt>
   <trkpt lat="36.26823" lon="-86.90606000000001">
    <ele>242.89000000000001</ele>
   </trkpt>
   <trkpt lat="36.26836" lon="-86.90591">
    <ele>243.68</ele>
   </trkpt>
   <trkpt lat="36.2685" lon="-86.90580000000001">
    <ele>244.19000000000003</ele>
   </trkpt>
   <trkpt lat="36.26865" lon="-86.90558">
    <ele>247.00000000000003</ele>
   </trkpt>
   <trkpt lat="36.26872" lon="-86.90554">
    <ele>247.55</ele>
   </trkpt>
   <trkpt lat="36.26887" lon="-86.90551">
    <ele>247.84000000000003</ele>
   </trkpt>
   <trkpt lat="36.26872" lon="-86.90554">
    <ele>247.00000000000003</ele>
   </trkpt>
   <trkpt lat="36.26865" lon="-86.90558">
    <ele>246.27</ele>
   </trkpt>
   <trkpt lat="36.2685" lon="-86.90580000000001">
    <ele>244.19000000000003</ele>
   </trkpt>
   <trkpt lat="36.26836" lon="-86.90591">
    <ele>243.23000000000002</ele>
   </trkpt>
   <trkpt lat="36.26823" lon="-86.90606000000001">
    <ele>242.71</ele>
   </trkpt>
   <trkpt lat="36.26793" lon="-86.90671">
    <ele>244.84000000000003</ele>
   </trkpt>
   <trkpt lat="36.26778" lon="-86.90715">
    <ele>248.83</ele>
   </trkpt>
   <trkpt lat="36.267680000000006" lon="-86.90752">
    <ele>250.12</ele>
   </trkpt>
   <trkpt lat="36.267390000000006" lon="-86.90796">
    <ele>250.02</ele>
   </trkpt>
   <trkpt lat="36.267250000000004" lon="-86.90801">
    <ele>248.48000000000002</ele>
   </trkpt>
   <trkpt lat="36.266940000000005" lon="-86.90827">
    <ele>247.55</ele>
   </trkpt>
   <trkpt lat="36.266650000000006" lon="-86.9084">
    <ele>250.28</ele>
   </trkpt>
   <trkpt lat="36.26653" lon="-86.9084">
    <ele>251.21000000000004</ele>
   </trkpt>
   <trkpt lat="36.26635" lon="-86.90836">
    <ele>252.81000000000003</ele>
   </trkpt>
   <trkpt lat="36.266180000000006" lon="-86.90822">
    <ele>253.4</ele>
   </trkpt>
   <trkpt lat="36.265950000000004" lon="-86.90787">
    <ele>256.26000000000005</ele>
   </trkpt>
   <trkpt lat="36.265800000000006" lon="-86.9077">
    <ele>258.54</ele>
   </trkpt>
   <trkpt lat="36.26574" lon="-86.90758000000001">
    <ele>259.36</ele>
   </trkpt>
   <trkpt lat="36.2657" lon="-86.90761">
    <ele>259.43</ele>
   </trkpt>
   <trkpt lat="36.26556" lon="-86.90764">
    <ele>258.89</ele>
   </trkpt>
   <trkpt lat="36.26518" lon="-86.90764">
    <ele>255.74</ele>
   </trkpt>
   <trkpt lat="36.26507" lon="-86.90769">
    <ele>255.13000000000002</ele>
   </trkpt>
   <trkpt lat="36.264900000000004" lon="-86.90761">
    <ele>254.28</ele>
   </trkpt>
   <trkpt lat="36.2648" lon="-86.90753000000001">
    <ele>253.46</ele>
   </trkpt>
   <trkpt lat="36.26476" lon="-86.90744000000001">
    <ele>253.18</ele>
   </trkpt>
   <trkpt lat="36.26467" lon="-86.90711">
    <ele>253.47000000000003</ele>
   </trkpt>
   <trkpt lat="36.26455" lon="-86.9068">
    <ele>253.3</ele>
   </trkpt>
   <trkpt lat="36.26438" lon="-86.90668000000001">
    <ele>252.21000000000004</ele>
   </trkpt>
   <trkpt lat="36.26431" lon="-86.90659000000001">
    <ele>251.81000000000003</ele>
   </trkpt>
   <trkpt lat="36.2642" lon="-86.90658">
    <ele>251.0</ele>
   </trkpt>
   <trkpt lat="36.26408" lon="-86.90661">
    <ele>250.74</ele>
   </trkpt>
   <trkpt lat="36.26386" lon="-86.90672">
    <ele>251.74</ele>
   </trkpt>
   <trkpt lat="36.263760000000005" lon="-86.9068">
    <ele>252.72</ele>
   </trkpt>
   <trkpt lat="36.26352" lon="-86.90708000000001">
    <ele>254.60000000000005</ele>
   </trkpt>
   <trkpt lat="36.263450000000006" lon="-86.90724">
    <ele>254.43000000000004</ele>
   </trkpt>
   <trkpt lat="36.2633" lon="-86.90737">
    <ele>254.18</ele>
   </trkpt>
   <trkpt lat="36.26323" lon="-86.90742">
    <ele>254.31000000000003</ele>
   </trkpt>
   <trkpt lat="36.26306" lon="-86.90734">
    <ele>255.04999999999998</ele>
   </trkpt>
   <trkpt lat="36.26299" lon="-86.90734">
    <ele>255.02</ele>
   </trkpt>
   <trkpt lat="36.2629" lon="-86.90737">
    <ele>254.85000000000002</ele>
   </trkpt>
   <trkpt lat="36.262840000000004" lon="-86.90742">
    <ele>254.93000000000004</ele>
   </trkpt>
   <trkpt lat="36.26254" lon="-86.90742">
    <ele>255.96</ele>
   </trkpt>
   <trkpt lat="36.26239" lon="-86.90757">
    <ele>255.43000000000004</ele>
   </trkpt>
   <trkpt lat="36.26225" lon="-86.90792">
    <ele>257.04</ele>
   </trkpt>
   <trkpt lat="36.262220000000006" lon="-86.90827">
    <ele>258.39</ele>
   </trkpt>
   <trkpt lat="36.262150000000005" lon="-86.90845">
    <ele>258.59999999999997</ele>
   </trkpt>
   <trkpt lat="36.26198" lon="-86.90855">
    <ele>257.62</ele>
   </trkpt>
   <trkpt lat="36.261610000000005" lon="-86.90863">
    <ele>253.16</ele>
   </trkpt>
   <trkpt lat="36.26155" lon="-86.90863">
    <ele>252.70000000000002</ele>
   </trkpt>
   <trkpt lat="36.26138" lon="-86.90876">
    <ele>250.31000000000003</ele>
   </trkpt>
   <trkpt lat="36.261280000000006" lon="-86.90887000000001">
    <ele>249.52</ele>
   </trkpt>
   <trkpt lat="36.26118" lon="-86.90905000000001">
    <ele>248.10000000000002</ele>
   </trkpt>
   <trkpt lat="36.26124" lon="-86.90927">
    <ele>245.69000000000003</ele>
   </trkpt>
   <trkpt lat="36.26118" lon="-86.90905000000001">
    <ele>248.10000000000002</ele>
   </trkpt>
   <trkpt lat="36.26115" lon="-86.90905000000001">
    <ele>248.13000000000002</ele>
   </trkpt>
   <trkpt lat="36.26106" lon="-86.90912">
    <ele>246.59000000000003</ele>
   </trkpt>
   <trkpt lat="36.26097" lon="-86.90939">
    <ele>245.13</ele>
   </trkpt>
   <trkpt lat="36.26098" lon="-86.90954">
    <ele>245.13</ele>
   </trkpt>
   <trkpt lat="36.260920000000006" lon="-86.90962">
    <ele>244.98000000000002</ele>
   </trkpt>
   <trkpt lat="36.26088" lon="-86.90976">
    <ele>244.63</ele>
   </trkpt>
   <trkpt lat="36.260810000000006" lon="-86.90989">
    <ele>243.69000000000003</ele>
   </trkpt>
   <trkpt lat="36.260740000000006" lon="-86.91007">
    <ele>243.54</ele>
   </trkpt>
   <trkpt lat="36.260720000000006" lon="-86.91034">
    <ele>244.37000000000003</ele>
   </trkpt>
   <trkpt lat="36.260560000000005" lon="-86.91083">
    <ele>240.77</ele>
   </trkpt>
   <trkpt lat="36.26053" lon="-86.9111">
    <ele>238.90000000000003</ele>
   </trkpt>
   <trkpt lat="36.26055" lon="-86.91122">
    <ele>238.64000000000001</ele>
   </trkpt>
   <trkpt lat="36.260580000000004" lon="-86.91127">
    <ele>238.57000000000002</ele>
   </trkpt>
   <trkpt lat="36.260670000000005" lon="-86.91133">
    <ele>238.41</ele>
   </trkpt>
   <trkpt lat="36.2608" lon="-86.91136">
    <ele>238.24</ele>
   </trkpt>
   <trkpt lat="36.26117" lon="-86.91138000000001">
    <ele>237.55</ele>
   </trkpt>
   <trkpt lat="36.261210000000005" lon="-86.9114">
    <ele>237.55</ele>
   </trkpt>
   <trkpt lat="36.26124" lon="-86.91147000000001">
    <ele>237.09000000000003</ele>
   </trkpt>
   <trkpt lat="36.26122" lon="-86.91168">
    <ele>237.07000000000002</ele>
   </trkpt>
   <trkpt lat="36.26111" lon="-86.91192000000001">
    <ele>236.15000000000003</ele>
   </trkpt>
   <trkpt lat="36.260960000000004" lon="-86.912">
    <ele>234.45000000000002</ele>
   </trkpt>
   <trkpt lat="36.2609" lon="-86.91208">
    <ele>234.15000000000003</ele>
   </trkpt>
   <trkpt lat="36.26084" lon="-86.91209">
    <ele>234.15000000000003</ele>
   </trkpt>
   <trkpt lat="36.2608" lon="-86.91214000000001">
    <ele>233.88000000000002</ele>
   </trkpt>
   <trkpt lat="36.26073" lon="-86.91216">
    <ele>233.73000000000002</ele>
   </trkpt>
   <trkpt lat="36.260690000000004" lon="-86.91221">
    <ele>233.5</ele>
   </trkpt>
   <trkpt lat="36.26041" lon="-86.91221">
    <ele>229.99</ele>
   </trkpt>
   <trkpt lat="36.26021" lon="-86.91225">
    <ele>228.25</ele>
   </trkpt>
   <trkpt lat="36.26008" lon="-86.91234">
    <ele>227.39000000000001</ele>
   </trkpt>
   <trkpt lat="36.26001" lon="-86.91234">
    <ele>226.27</ele>
   </trkpt>
   <trkpt lat="36.25996" lon="-86.91239">
    <ele>225.96</ele>
   </trkpt>
   <trkpt lat="36.25995" lon="-86.9124">
    <ele>225.96</ele>
   </trkpt>
   <trkpt lat="36.25986" lon="-86.91257">
    <ele>225.53</ele>
   </trkpt>
   <trkpt lat="36.2597" lon="-86.91275">
    <ele>222.89</ele>
   </trkpt>
   <trkpt lat="36.25963" lon="-86.91288">
    <ele>221.24</ele>
   </trkpt>
   <trkpt lat="36.259620000000005" lon="-86.91311">
    <ele>219.73000000000002</ele>
   </trkpt>
   <trkpt lat="36.259640000000005" lon="-86.91324">
    <ele>218.92000000000002</ele>
   </trkpt>
   <trkpt lat="36.259620000000005" lon="-86.91337">
    <ele>216.78000000000003</ele>
   </trkpt>
   <trkpt lat="36.25965" lon="-86.91348">
    <ele>216.16000000000003</ele>
   </trkpt>
   <trkpt lat="36.259660000000004" lon="-86.91364">
    <ele>214.64000000000001</ele>
   </trkpt>
   <trkpt lat="36.259600000000006" lon="-86.91364">
    <ele>212.00000000000003</ele>
   </trkpt>
   <trkpt lat="36.259530000000005" lon="-86.9136">
    <ele>211.22000000000003</ele>
   </trkpt>
   <trkpt lat="36.259460000000004" lon="-86.91347">
    <ele>210.06000000000003</ele>
   </trkpt>
   <trkpt lat="36.259370000000004" lon="-86.91317000000001">
    <ele>208.32</ele>
   </trkpt>
   <trkpt lat="36.25925" lon="-86.91298">
    <ele>205.8</ele>
   </trkpt>
   <trkpt lat="36.259040000000006" lon="-86.91239">
    <ele>209.62000000000003</ele>
   </trkpt>
   <trkpt lat="36.258970000000005" lon="-86.9123">
    <ele>211.85</ele>
   </trkpt>
   <trkpt lat="36.25878" lon="-86.9119">
    <ele>216.26</ele>
   </trkpt>
   <trkpt lat="36.25865" lon="-86.91136">
    <ele>219.63000000000002</ele>
   </trkpt>
   <trkpt lat="36.25867" lon="-86.91082">
    <ele>220.22000000000003</ele>
   </trkpt>
   <trkpt lat="36.258590000000005" lon="-86.91064">
    <ele>221.29000000000002</ele>
   </trkpt>
   <trkpt lat="36.25853" lon="-86.91028">
    <ele>221.76000000000002</ele>
   </trkpt>
   <trkpt lat="36.2582" lon="-86.90984">
    <ele>226.88000000000002</ele>
   </trkpt>
   <trkpt lat="36.258160000000004" lon="-86.90975">
    <ele>227.94000000000003</ele>
   </trkpt>
   <trkpt lat="36.25779" lon="-86.90975">
    <ele>232.14000000000001</ele>
   </trkpt>
   <trkpt lat="36.257690000000004" lon="-86.90981000000001">
    <ele>233.05</ele>
   </trkpt>
   <trkpt lat="36.25742" lon="-86.90981000000001">
    <ele>234.26000000000002</ele>
   </trkpt>
   <trkpt lat="36.257180000000005" lon="-86.90986000000001">
    <ele>235.98000000000002</ele>
   </trkpt>
   <trkpt lat="36.256750000000004" lon="-86.91006">
    <ele>241.6</ele>
   </trkpt>
   <trkpt lat="36.256550000000004" lon="-86.91008000000001">
    <ele>243.03000000000003</ele>
   </trkpt>
   <trkpt lat="36.256220000000006" lon="-86.91024">
    <ele>249.17000000000002</ele>
   </trkpt>
   <trkpt lat="36.255750000000006" lon="-86.91037">
    <ele>255.85000000000002</ele>
   </trkpt>
   <trkpt lat="36.25551" lon="-86.91033">
    <ele>258.26000000000005</ele>
   </trkpt>
   <trkpt lat="36.25536" lon="-86.91019">
    <ele>258.91</ele>
   </trkpt>
   <trkpt lat="36.255210000000005" lon="-86.90998">
    <ele>258.83</ele>
   </trkpt>
   <trkpt lat="36.25508" lon="-86.91007">
    <ele>258.70000000000005</ele>
   </trkpt>
   <trkpt lat="36.25507" lon="-86.91019">
    <ele>259.15000000000003</ele>
   </trkpt>
   <trkpt lat="36.25504" lon="-86.91028">
    <ele>259.27</ele>
   </trkpt>
   <trkpt lat="36.25497" lon="-86.91034">
    <ele>259.47</ele>
   </trkpt>
   <trkpt lat="36.254900000000006" lon="-86.91055">
    <ele>259.91</ele>
   </trkpt>
   <trkpt lat="36.254850000000005" lon="-86.91064">
    <ele>259.68</ele>
   </trkpt>
   <trkpt lat="36.25493" lon="-86.91088">
    <ele>258.65000000000003</ele>
   </trkpt>
   <trkpt lat="36.25502" lon="-86.911">
    <ele>258.0</ele>
   </trkpt>
   <trkpt lat="36.25504" lon="-86.91119">
    <ele>257.17</ele>
   </trkpt>
   <trkpt lat="36.255030000000005" lon="-86.91118">
    <ele>257.17</ele>
   </trkpt>
   <trkpt lat="36.25513" lon="-86.91127">
    <ele>257.47</ele>
   </trkpt>
   <trkpt lat="36.2552" lon="-86.91142">
    <ele>257.63</ele>
   </trkpt>
   <trkpt lat="36.25522" lon="-86.91191">
    <ele>256.3</ele>
   </trkpt>
   <trkpt lat="36.2552" lon="-86.91205000000001">
    <ele>256.55</ele>
   </trkpt>
   <trkpt lat="36.255100000000006" lon="-86.91239">
    <ele>257.76000000000005</ele>
   </trkpt>
   <trkpt lat="36.255010000000006" lon="-86.91252">
    <ele>258.08000000000004</ele>
   </trkpt>
   <trkpt lat="36.255" lon="-86.91261">
    <ele>258.13</ele>
   </trkpt>
   <trkpt lat="36.255100000000006" lon="-86.9127">
    <ele>258.14000000000004</ele>
   </trkpt>
   <trkpt lat="36.255210000000005" lon="-86.9127">
    <ele>258.02000000000004</ele>
   </trkpt>
   <trkpt lat="36.25527" lon="-86.91272000000001">
    <ele>257.95</ele>
   </trkpt>
   <trkpt lat="36.255370000000006" lon="-86.91268000000001">
    <ele>257.52000000000004</ele>
   </trkpt>
   <trkpt lat="36.25553" lon="-86.9128">
    <ele>255.43000000000004</ele>
   </trkpt>
   <trkpt lat="36.25576" lon="-86.91279">
    <ele>254.35000000000002</ele>
   </trkpt>
   <trkpt lat="36.25582" lon="-86.91276">
    <ele>254.35000000000002</ele>
   </trkpt>
   <trkpt lat="36.25591" lon="-86.91275">
    <ele>254.19000000000003</ele>
   </trkpt>
   <trkpt lat="36.256040000000006" lon="-86.91285">
    <ele>253.78</ele>
   </trkpt>
   <trkpt lat="36.256150000000005" lon="-86.91285">
    <ele>253.48999999999998</ele>
   </trkpt>
   <trkpt lat="36.256600000000006" lon="-86.91328">
    <ele>251.96</ele>
   </trkpt>
   <trkpt lat="36.256620000000005" lon="-86.91337">
    <ele>251.96</ele>
   </trkpt>
   <trkpt lat="36.256710000000005" lon="-86.91346">
    <ele>251.87000000000003</ele>
   </trkpt>
   <trkpt lat="36.25688" lon="-86.91342">
    <ele>251.04000000000005</ele>
   </trkpt>
   <trkpt lat="36.25692" lon="-86.91337">
    <ele>250.10999999999999</ele>
   </trkpt>
   <trkpt lat="36.25696000000001" lon="-86.91337">
    <ele>249.75000000000003</ele>
   </trkpt>
   <trkpt lat="36.257000000000005" lon="-86.91355">
    <ele>249.67000000000002</ele>
   </trkpt>
   <trkpt lat="36.256980000000006" lon="-86.91369">
    <ele>250.62</ele>
   </trkpt>
   <trkpt lat="36.25704" lon="-86.91374">
    <ele>251.06</ele>
   </trkpt>
   <trkpt lat="36.257160000000006" lon="-86.91405">
    <ele>255.04999999999998</ele>
   </trkpt>
   <trkpt lat="36.257220000000004" lon="-86.91415">
    <ele>256.41</ele>
   </trkpt>
   <trkpt lat="36.25728" lon="-86.91420000000001">
    <ele>256.59999999999997</ele>
   </trkpt>
   <trkpt lat="36.257490000000004" lon="-86.91424">
    <ele>256.95</ele>
   </trkpt>
   <trkpt lat="36.25762" lon="-86.91429000000001">
    <ele>256.54</ele>
   </trkpt>
   <trkpt lat="36.25775" lon="-86.91428">
    <ele>255.57000000000002</ele>
   </trkpt>
   <trkpt lat="36.25788" lon="-86.91436">
    <ele>254.51000000000002</ele>
   </trkpt>
   <trkpt lat="36.25790000000001" lon="-86.91438000000001">
    <ele>254.14000000000001</ele>
   </trkpt>
   <trkpt lat="36.257850000000005" lon="-86.91456000000001">
    <ele>252.78</ele>
   </trkpt>
   <trkpt lat="36.257830000000006" lon="-86.91477">
    <ele>249.93</ele>
   </trkpt>
   <trkpt lat="36.257830000000006" lon="-86.91499">
    <ele>248.43</ele>
   </trkpt>
   <trkpt lat="36.257870000000004" lon="-86.91521">
    <ele>247.29</ele>
   </trkpt>
   <trkpt lat="36.25791" lon="-86.91534">
    <ele>247.54</ele>
   </trkpt>
   <trkpt lat="36.25786" lon="-86.91548">
    <ele>248.38000000000002</ele>
   </trkpt>
   <trkpt lat="36.257690000000004" lon="-86.91548">
    <ele>249.44000000000003</ele>
   </trkpt>
   <trkpt lat="36.25748" lon="-86.91539">
    <ele>250.44</ele>
   </trkpt>
   <trkpt lat="36.25735" lon="-86.91541000000001">
    <ele>249.31000000000003</ele>
   </trkpt>
   <trkpt lat="36.2573" lon="-86.91545">
    <ele>248.14000000000001</ele>
   </trkpt>
   <trkpt lat="36.256930000000004" lon="-86.91606">
    <ele>247.56000000000003</ele>
   </trkpt>
   <trkpt lat="36.256800000000005" lon="-86.91616">
    <ele>248.14000000000001</ele>
   </trkpt>
   <trkpt lat="36.256660000000004" lon="-86.91616">
    <ele>248.99</ele>
   </trkpt>
   <trkpt lat="36.256460000000004" lon="-86.91624">
    <ele>250.24</ele>
   </trkpt>
   <trkpt lat="36.256370000000004" lon="-86.91624">
    <ele>250.46</ele>
   </trkpt>
   <trkpt lat="36.256310000000006" lon="-86.91626000000001">
    <ele>250.19000000000003</ele>
   </trkpt>
   <trkpt lat="36.256240000000005" lon="-86.91637">
    <ele>249.24</ele>
   </trkpt>
   <trkpt lat="36.25618" lon="-86.91653000000001">
    <ele>248.77</ele>
   </trkpt>
   <trkpt lat="36.2561" lon="-86.91662000000001">
    <ele>248.77</ele>
   </trkpt>
   <trkpt lat="36.25605" lon="-86.91687">
    <ele>247.96</ele>
   </trkpt>
   <trkpt lat="36.25607" lon="-86.91709">
    <ele>248.59000000000003</ele>
   </trkpt>
   <trkpt lat="36.25602" lon="-86.91718">
    <ele>248.66000000000003</ele>
   </trkpt>
   <trkpt lat="36.255860000000006" lon="-86.91731">
    <ele>247.33</ele>
   </trkpt>
   <trkpt lat="36.25585" lon="-86.91754">
    <ele>246.3</ele>
   </trkpt>
   <trkpt lat="36.255700000000004" lon="-86.91791">
    <ele>246.17000000000002</ele>
   </trkpt>
   <trkpt lat="36.255720000000004" lon="-86.91787000000001">
    <ele>245.98000000000002</ele>
   </trkpt>
   <trkpt lat="36.25558" lon="-86.91817">
    <ele>248.39000000000001</ele>
   </trkpt>
   <trkpt lat="36.25555" lon="-86.91839">
    <ele>248.23000000000002</ele>
   </trkpt>
   <trkpt lat="36.255520000000004" lon="-86.91843">
    <ele>247.55</ele>
   </trkpt>
   <trkpt lat="36.25545" lon="-86.91844">
    <ele>247.55</ele>
   </trkpt>
   <trkpt lat="36.255370000000006" lon="-86.91852">
    <ele>246.57</ele>
   </trkpt>
   <trkpt lat="36.25526" lon="-86.91876">
    <ele>244.33</ele>
   </trkpt>
   <trkpt lat="36.25515" lon="-86.91888">
    <ele>243.31000000000003</ele>
   </trkpt>
   <trkpt lat="36.25506" lon="-86.91902">
    <ele>242.71</ele>
   </trkpt>
   <trkpt lat="36.254940000000005" lon="-86.91948000000001">
    <ele>238.24</ele>
   </trkpt>
   <trkpt lat="36.25493" lon="-86.91969">
    <ele>237.55</ele>
   </trkpt>
   <trkpt lat="36.254830000000005" lon="-86.91991">
    <ele>236.69</ele>
   </trkpt>
   <trkpt lat="36.25486" lon="-86.92022">
    <ele>235.06</ele>
   </trkpt>
   <trkpt lat="36.254900000000006" lon="-86.92036">
    <ele>234.48000000000002</ele>
   </trkpt>
   <trkpt lat="36.25488" lon="-86.9205">
    <ele>234.75</ele>
   </trkpt>
   <trkpt lat="36.25484" lon="-86.92063">
    <ele>235.57000000000002</ele>
   </trkpt>
   <trkpt lat="36.25486" lon="-86.92078000000001">
    <ele>235.78</ele>
   </trkpt>
   <trkpt lat="36.254850000000005" lon="-86.92114000000001">
    <ele>234.85000000000002</ele>
   </trkpt>
   <trkpt lat="36.2548" lon="-86.9213">
    <ele>235.10000000000002</ele>
   </trkpt>
   <trkpt lat="36.25475" lon="-86.92152">
    <ele>236.11</ele>
   </trkpt>
   <trkpt lat="36.254760000000005" lon="-86.92166">
    <ele>236.31</ele>
   </trkpt>
   <trkpt lat="36.254740000000005" lon="-86.92175">
    <ele>236.60000000000002</ele>
   </trkpt>
   <trkpt lat="36.25473" lon="-86.92197">
    <ele>237.75</ele>
   </trkpt>
   <trkpt lat="36.25498" lon="-86.92217000000001">
    <ele>236.57000000000002</ele>
   </trkpt>
   <trkpt lat="36.255100000000006" lon="-86.92221">
    <ele>236.32000000000002</ele>
   </trkpt>
   <trkpt lat="36.25527" lon="-86.9222">
    <ele>236.75</ele>
   </trkpt>
   <trkpt lat="36.255500000000005" lon="-86.92224">
    <ele>237.91</ele>
   </trkpt>
   <trkpt lat="36.25567" lon="-86.92224">
    <ele>237.89000000000001</ele>
   </trkpt>
   <trkpt lat="36.255810000000004" lon="-86.92235000000001">
    <ele>237.64000000000001</ele>
   </trkpt>
   <trkpt lat="36.256150000000005" lon="-86.92251">
    <ele>234.98000000000002</ele>
   </trkpt>
   <trkpt lat="36.256280000000004" lon="-86.92264">
    <ele>235.39000000000001</ele>
   </trkpt>
   <trkpt lat="36.25632" lon="-86.92278">
    <ele>236.36</ele>
   </trkpt>
   <trkpt lat="36.256280000000004" lon="-86.92287">
    <ele>236.65000000000003</ele>
   </trkpt>
   <trkpt lat="36.25621" lon="-86.92295">
    <ele>237.07000000000002</ele>
   </trkpt>
   <trkpt lat="36.256130000000006" lon="-86.92297">
    <ele>237.09000000000003</ele>
   </trkpt>
   <trkpt lat="36.25596" lon="-86.92314">
    <ele>235.16</ele>
   </trkpt>
   <trkpt lat="36.25585" lon="-86.92331">
    <ele>233.9</ele>
   </trkpt>
   <trkpt lat="36.25574" lon="-86.92358">
    <ele>234.56</ele>
   </trkpt>
   <trkpt lat="36.255750000000006" lon="-86.92369000000001">
    <ele>234.79000000000002</ele>
   </trkpt>
   <trkpt lat="36.255810000000004" lon="-86.9239">
    <ele>234.90000000000003</ele>
   </trkpt>
   <trkpt lat="36.255790000000005" lon="-86.92407">
    <ele>234.76000000000002</ele>
   </trkpt>
   <trkpt lat="36.255810000000004" lon="-86.92423000000001">
    <ele>234.03</ele>
   </trkpt>
   <trkpt lat="36.255750000000006" lon="-86.92450000000001">
    <ele>231.25</ele>
   </trkpt>
   <trkpt lat="36.25567" lon="-86.92466">
    <ele>230.30000000000004</ele>
   </trkpt>
   <trkpt lat="36.255630000000004" lon="-86.92483">
    <ele>228.47</ele>
   </trkpt>
   <trkpt lat="36.255590000000005" lon="-86.92489">
    <ele>227.75</ele>
   </trkpt>
   <trkpt lat="36.25558" lon="-86.92499000000001">
    <ele>226.03</ele>
   </trkpt>
   <trkpt lat="36.25551" lon="-86.92524">
    <ele>220.79000000000002</ele>
   </trkpt>
   <trkpt lat="36.255720000000004" lon="-86.92515">
    <ele>216.39000000000001</ele>
   </trkpt>
   <trkpt lat="36.255860000000006" lon="-86.92493">
    <ele>215.34000000000003</ele>
   </trkpt>
   <trkpt lat="36.25592" lon="-86.92479">
    <ele>214.86</ele>
   </trkpt>
   <trkpt lat="36.25625" lon="-86.92443">
    <ele>209.64000000000001</ele>
   </trkpt>
   <trkpt lat="36.256460000000004" lon="-86.92408">
    <ele>205.96</ele>
   </trkpt>
   <trkpt lat="36.25649" lon="-86.92396000000001">
    <ele>205.55</ele>
   </trkpt>
   <trkpt lat="36.25638" lon="-86.92378000000001">
    <ele>204.72</ele>
   </trkpt>
   <trkpt lat="36.25638" lon="-86.92376">
    <ele>204.72</ele>
   </trkpt>
   <trkpt lat="36.25648" lon="-86.92376">
    <ele>204.6</ele>
   </trkpt>
   <trkpt lat="36.25677" lon="-86.92381">
    <ele>202.01000000000002</ele>
   </trkpt>
   <trkpt lat="36.256870000000006" lon="-86.92381">
    <ele>198.8</ele>
   </trkpt>
   <trkpt lat="36.25677" lon="-86.92403">
    <ele>195.71</ele>
   </trkpt>
   <trkpt lat="36.25677" lon="-86.92407">
    <ele>195.71</ele>
   </trkpt>
   <trkpt lat="36.25701" lon="-86.92403">
    <ele>197.31</ele>
   </trkpt>
   <trkpt lat="36.25712" lon="-86.92398">
    <ele>199.76000000000002</ele>
   </trkpt>
   <trkpt lat="36.257130000000004" lon="-86.92399">
    <ele>200.62</ele>
   </trkpt>
   <trkpt lat="36.256910000000005" lon="-86.92432000000001">
    <ele>206.62000000000003</ele>
   </trkpt>
   <trkpt lat="36.256780000000006" lon="-86.92444">
    <ele>209.19</ele>
   </trkpt>
   <trkpt lat="36.256730000000005" lon="-86.92454000000001">
    <ele>209.68</ele>
   </trkpt>
   <trkpt lat="36.25657" lon="-86.92497">
    <ele>215.39000000000001</ele>
   </trkpt>
   <trkpt lat="36.25654" lon="-86.92512">
    <ele>217.93</ele>
   </trkpt>
   <trkpt lat="36.256330000000005" lon="-86.92546">
    <ele>221.46</ele>
   </trkpt>
   <trkpt lat="36.25625" lon="-86.92587">
    <ele>227.22</ele>
   </trkpt>
   <trkpt lat="36.25625" lon="-86.926">
    <ele>229.17000000000002</ele>
   </trkpt>
   <trkpt lat="36.256420000000006" lon="-86.92586">
    <ele>235.04000000000002</ele>
   </trkpt>
   <trkpt lat="36.256550000000004" lon="-86.92573">
    <ele>236.39000000000001</ele>
   </trkpt>
   <trkpt lat="36.25701" lon="-86.92533">
    <ele>244.6</ele>
   </trkpt>
   <trkpt lat="36.25733" lon="-86.92515">
    <ele>246.38000000000002</ele>
   </trkpt>
   <trkpt lat="36.257450000000006" lon="-86.92512">
    <ele>246.50000000000003</ele>
   </trkpt>
   <trkpt lat="36.257580000000004" lon="-86.92515">
    <ele>247.26</ele>
   </trkpt>
   <trkpt lat="36.25773" lon="-86.92519">
    <ele>250.01</ele>
   </trkpt>
   <trkpt lat="36.257830000000006" lon="-86.92516">
    <ele>250.54999999999998</ele>
   </trkpt>
   <trkpt lat="36.257960000000004" lon="-86.92508000000001">
    <ele>251.82999999999998</ele>
   </trkpt>
   <trkpt lat="36.258" lon="-86.92508000000001">
    <ele>251.82999999999998</ele>
   </trkpt>
   <trkpt lat="36.25829" lon="-86.92490000000001">
    <ele>254.17000000000002</ele>
   </trkpt>
   <trkpt lat="36.258390000000006" lon="-86.92497">
    <ele>254.45000000000002</ele>
   </trkpt>
   <trkpt lat="36.258520000000004" lon="-86.92497">
    <ele>253.60999999999999</ele>
   </trkpt>
   <trkpt lat="36.25858" lon="-86.92492">
    <ele>253.10999999999999</ele>
   </trkpt>
   <trkpt lat="36.25862" lon="-86.92476">
    <ele>251.38000000000005</ele>
   </trkpt>
   <trkpt lat="36.258660000000006" lon="-86.92475">
    <ele>251.38000000000005</ele>
   </trkpt>
   <trkpt lat="36.25873" lon="-86.92463000000001">
    <ele>248.77</ele>
   </trkpt>
   <trkpt lat="36.258750000000006" lon="-86.92466">
    <ele>248.19000000000003</ele>
   </trkpt>
   <trkpt lat="36.25874" lon="-86.92483">
    <ele>247.29</ele>
   </trkpt>
   <trkpt lat="36.258790000000005" lon="-86.92501">
    <ele>245.48000000000002</ele>
   </trkpt>
   <trkpt lat="36.2588" lon="-86.92512">
    <ele>245.15</ele>
   </trkpt>
   <trkpt lat="36.258840000000006" lon="-86.92524">
    <ele>244.6</ele>
   </trkpt>
   <trkpt lat="36.25885" lon="-86.92542">
    <ele>245.08</ele>
   </trkpt>
   <trkpt lat="36.25889" lon="-86.92555">
    <ele>245.41000000000003</ele>
   </trkpt>
   <trkpt lat="36.258900000000004" lon="-86.92569">
    <ele>246.9</ele>
   </trkpt>
   <trkpt lat="36.259080000000004" lon="-86.92593000000001">
    <ele>247.27</ele>
   </trkpt>
   <trkpt lat="36.259240000000005" lon="-86.92601">
    <ele>247.09000000000003</ele>
   </trkpt>
   <trkpt lat="36.25925" lon="-86.92613">
    <ele>246.94000000000003</ele>
   </trkpt>
   <trkpt lat="36.25934" lon="-86.92627">
    <ele>246.6</ele>
   </trkpt>
   <trkpt lat="36.259350000000005" lon="-86.92636">
    <ele>246.6</ele>
   </trkpt>
   <trkpt lat="36.25932" lon="-86.92645">
    <ele>245.17000000000002</ele>
   </trkpt>
   <trkpt lat="36.259330000000006" lon="-86.92654">
    <ele>245.17000000000002</ele>
   </trkpt>
   <trkpt lat="36.25939" lon="-86.92664">
    <ele>244.84000000000003</ele>
   </trkpt>
   <trkpt lat="36.2595" lon="-86.92667">
    <ele>244.79</ele>
   </trkpt>
   <trkpt lat="36.259620000000005" lon="-86.92687000000001">
    <ele>245.12000000000003</ele>
   </trkpt>
   <trkpt lat="36.25985" lon="-86.92701000000001">
    <ele>245.16000000000003</ele>
   </trkpt>
   <trkpt lat="36.25999" lon="-86.92705000000001">
    <ele>244.55</ele>
   </trkpt>
   <trkpt lat="36.260180000000005" lon="-86.92705000000001">
    <ele>243.38</ele>
   </trkpt>
   <trkpt lat="36.26024" lon="-86.92703">
    <ele>241.99</ele>
   </trkpt>
   <trkpt lat="36.26033" lon="-86.92703">
    <ele>241.31000000000003</ele>
   </trkpt>
   <trkpt lat="36.26041" lon="-86.92707">
    <ele>241.01000000000002</ele>
   </trkpt>
   <trkpt lat="36.26046" lon="-86.92712">
    <ele>240.97</ele>
   </trkpt>
   <trkpt lat="36.2605" lon="-86.92721">
    <ele>241.00000000000003</ele>
   </trkpt>
   <trkpt lat="36.260400000000004" lon="-86.92766">
    <ele>240.24</ele>
   </trkpt>
   <trkpt lat="36.26033" lon="-86.92815">
    <ele>239.08</ele>
   </trkpt>
   <trkpt lat="36.26023" lon="-86.92852">
    <ele>239.63</ele>
   </trkpt>
   <trkpt lat="36.260270000000006" lon="-86.92882">
    <ele>238.31000000000003</ele>
   </trkpt>
   <trkpt lat="36.26032" lon="-86.92895">
    <ele>237.17000000000002</ele>
   </trkpt>
   <trkpt lat="36.26042" lon="-86.92911000000001">
    <ele>236.34</ele>
   </trkpt>
   <trkpt lat="36.26066" lon="-86.92918">
    <ele>235.17000000000002</ele>
   </trkpt>
   <trkpt lat="36.26088" lon="-86.9294">
    <ele>232.3</ele>
   </trkpt>
   <trkpt lat="36.26097" lon="-86.92945">
    <ele>231.15</ele>
   </trkpt>
   <trkpt lat="36.261140000000005" lon="-86.92958">
    <ele>228.69000000000003</ele>
   </trkpt>
   <trkpt lat="36.261250000000004" lon="-86.92963">
    <ele>226.5</ele>
   </trkpt>
   <trkpt lat="36.261500000000005" lon="-86.9298">
    <ele>223.27</ele>
   </trkpt>
   <trkpt lat="36.2618" lon="-86.92995">
    <ele>220.79000000000002</ele>
   </trkpt>
   <trkpt lat="36.262010000000004" lon="-86.93003">
    <ele>216.23</ele>
   </trkpt>
   <trkpt lat="36.26211" lon="-86.93003">
    <ele>214.45000000000002</ele>
   </trkpt>
   <trkpt lat="36.262220000000006" lon="-86.92987000000001">
    <ele>212.63</ele>
   </trkpt>
   <trkpt lat="36.26223" lon="-86.92978000000001">
    <ele>212.63</ele>
   </trkpt>
   <trkpt lat="36.26214" lon="-86.92938000000001">
    <ele>209.05</ele>
   </trkpt>
   <trkpt lat="36.26202" lon="-86.92901">
    <ele>205.0</ele>
   </trkpt>
   <trkpt lat="36.26202" lon="-86.92891">
    <ele>204.28</ele>
   </trkpt>
   <trkpt lat="36.262040000000006" lon="-86.92891">
    <ele>204.28</ele>
   </trkpt>
   <trkpt lat="36.26231000000001" lon="-86.92918">
    <ele>197.84</ele>
   </trkpt>
   <trkpt lat="36.26252" lon="-86.92954">
    <ele>193.28</ele>
   </trkpt>
   <trkpt lat="36.26265" lon="-86.92994">
    <ele>191.48000000000002</ele>
   </trkpt>
   <trkpt lat="36.262800000000006" lon="-86.9303">
    <ele>188.57000000000002</ele>
   </trkpt>
   <trkpt lat="36.262840000000004" lon="-86.93043">
    <ele>188.15</ele>
   </trkpt>
   <trkpt lat="36.26285" lon="-86.93053">
    <ele>187.88000000000002</ele>
   </trkpt>
   <trkpt lat="36.262800000000006" lon="-86.93061">
    <ele>186.38000000000002</ele>
   </trkpt>
   <trkpt lat="36.262570000000004" lon="-86.93075">
    <ele>185.24</ele>
   </trkpt>
   <trkpt lat="36.26247" lon="-86.93088">
    <ele>183.21</ele>
   </trkpt>
   <trkpt lat="36.262420000000006" lon="-86.93089">
    <ele>181.58</ele>
   </trkpt>
   <trkpt lat="36.262060000000005" lon="-86.93094">
    <ele>176.51000000000002</ele>
   </trkpt>
   <trkpt lat="36.26182" lon="-86.93088">
    <ele>174.62000000000003</ele>
   </trkpt>
   <trkpt lat="36.2618" lon="-86.93092">
    <ele>174.79</ele>
   </trkpt>
   <trkpt lat="36.261810000000004" lon="-86.93098">
    <ele>175.14000000000001</ele>
   </trkpt>
   <trkpt lat="36.26192" lon="-86.93117000000001">
    <ele>177.88</ele>
   </trkpt>
   <trkpt lat="36.26202" lon="-86.93128">
    <ele>180.42000000000002</ele>
   </trkpt>
   <trkpt lat="36.26234" lon="-86.93138">
    <ele>183.29</ele>
   </trkpt>
   <trkpt lat="36.262510000000006" lon="-86.93142">
    <ele>184.50000000000003</ele>
   </trkpt>
   <trkpt lat="36.262170000000005" lon="-86.93147">
    <ele>188.82000000000002</ele>
   </trkpt>
   <trkpt lat="36.261970000000005" lon="-86.93146">
    <ele>191.04000000000002</ele>
   </trkpt>
   <trkpt lat="36.26171" lon="-86.93138">
    <ele>192.48000000000002</ele>
   </trkpt>
   <trkpt lat="36.26136" lon="-86.93134">
    <ele>196.16000000000003</ele>
   </trkpt>
   <trkpt lat="36.26113" lon="-86.93135000000001">
    <ele>199.19</ele>
   </trkpt>
   <trkpt lat="36.26109" lon="-86.93142">
    <ele>199.84</ele>
   </trkpt>
   <trkpt lat="36.26099" lon="-86.93147">
    <ele>201.3</ele>
   </trkpt>
   <trkpt lat="36.261" lon="-86.93151">
    <ele>202.95000000000002</ele>
   </trkpt>
   <trkpt lat="36.261100000000006" lon="-86.93151">
    <ele>205.53</ele>
   </trkpt>
   <trkpt lat="36.261500000000005" lon="-86.93175000000001">
    <ele>210.81000000000003</ele>
   </trkpt>
   <trkpt lat="36.26173" lon="-86.93194000000001">
    <ele>215.23</ele>
   </trkpt>
   <trkpt lat="36.26171" lon="-86.93194000000001">
    <ele>215.23</ele>
   </trkpt>
   <trkpt lat="36.261950000000006" lon="-86.93205">
    <ele>216.91000000000003</ele>
   </trkpt>
   <trkpt lat="36.26212" lon="-86.93220000000001">
    <ele>219.54000000000002</ele>
   </trkpt>
   <trkpt lat="36.26249" lon="-86.93249">
    <ele>221.71</ele>
   </trkpt>
   <trkpt lat="36.262600000000006" lon="-86.93267">
    <ele>222.65</ele>
   </trkpt>
   <trkpt lat="36.26254" lon="-86.93278000000001">
    <ele>222.74</ele>
   </trkpt>
   <trkpt lat="36.262420000000006" lon="-86.93287000000001">
    <ele>222.44000000000003</ele>
   </trkpt>
   <trkpt lat="36.262240000000006" lon="-86.93294">
    <ele>222.46</ele>
   </trkpt>
   <trkpt lat="36.26151" lon="-86.93295">
    <ele>226.70000000000002</ele>
   </trkpt>
   <trkpt lat="36.26138" lon="-86.93298">
    <ele>227.66000000000003</ele>
   </trkpt>
   <trkpt lat="36.260920000000006" lon="-86.93322">
    <ele>231.08</ele>
   </trkpt>
   <trkpt lat="36.260830000000006" lon="-86.9333">
    <ele>231.88000000000002</ele>
   </trkpt>
   <trkpt lat="36.26071" lon="-86.93348">
    <ele>232.76000000000002</ele>
   </trkpt>
   <trkpt lat="36.260690000000004" lon="-86.93379">
    <ele>231.47</ele>
   </trkpt>
   <trkpt lat="36.26073" lon="-86.93393">
    <ele>231.07000000000002</ele>
   </trkpt>
   <trkpt lat="36.260920000000006" lon="-86.93424">
    <ele>231.82000000000002</ele>
   </trkpt>
   <trkpt lat="36.261140000000005" lon="-86.93442">
    <ele>233.95000000000002</ele>
   </trkpt>
   <trkpt lat="36.261250000000004" lon="-86.93452">
    <ele>234.33</ele>
   </trkpt>
   <trkpt lat="36.26137" lon="-86.9346">
    <ele>234.24000000000004</ele>
   </trkpt>
   <trkpt lat="36.26138" lon="-86.93465">
    <ele>234.24000000000004</ele>
   </trkpt>
   <trkpt lat="36.26133" lon="-86.93483">
    <ele>233.64000000000001</ele>
   </trkpt>
   <trkpt lat="36.261230000000005" lon="-86.93497">
    <ele>233.18000000000004</ele>
   </trkpt>
   <trkpt lat="36.261120000000005" lon="-86.93527">
    <ele>232.49000000000004</ele>
   </trkpt>
   <trkpt lat="36.26102" lon="-86.93576">
    <ele>233.41</ele>
   </trkpt>
   <trkpt lat="36.261030000000005" lon="-86.93585">
    <ele>233.25</ele>
   </trkpt>
   <trkpt lat="36.26102" lon="-86.93589">
    <ele>233.09</ele>
   </trkpt>
   <trkpt lat="36.26095" lon="-86.9359">
    <ele>232.85000000000002</ele>
   </trkpt>
   <trkpt lat="36.26088" lon="-86.93589">
    <ele>232.13000000000002</ele>
   </trkpt>
   <trkpt lat="36.26068" lon="-86.93594">
    <ele>229.75</ele>
   </trkpt>
   <trkpt lat="36.260310000000004" lon="-86.93577">
    <ele>227.67000000000002</ele>
   </trkpt>
   <trkpt lat="36.26017" lon="-86.93563">
    <ele>227.19000000000003</ele>
   </trkpt>
   <trkpt lat="36.26014" lon="-86.93545">
    <ele>226.64000000000001</ele>
   </trkpt>
   <trkpt lat="36.26014" lon="-86.93518">
    <ele>225.0</ele>
   </trkpt>
   <trkpt lat="36.260110000000005" lon="-86.93483">
    <ele>221.53</ele>
   </trkpt>
   <trkpt lat="36.260130000000004" lon="-86.93461">
    <ele>219.34</ele>
   </trkpt>
   <trkpt lat="36.26012" lon="-86.93451">
    <ele>218.52</ele>
   </trkpt>
   <trkpt lat="36.26008" lon="-86.93455">
    <ele>215.77</ele>
   </trkpt>
   <trkpt lat="36.260040000000004" lon="-86.93466000000001">
    <ele>215.77</ele>
   </trkpt>
   <trkpt lat="36.25985" lon="-86.93509">
    <ele>206.23000000000002</ele>
   </trkpt>
   <trkpt lat="36.25985" lon="-86.93513">
    <ele>205.39000000000001</ele>
   </trkpt>
   <trkpt lat="36.259510000000006" lon="-86.93585">
    <ele>196.19</ele>
   </trkpt>
   <trkpt lat="36.2595" lon="-86.93595">
    <ele>194.48000000000002</ele>
   </trkpt>
   <trkpt lat="36.259550000000004" lon="-86.93609000000001">
    <ele>193.16000000000003</ele>
   </trkpt>
   <trkpt lat="36.25965" lon="-86.93625">
    <ele>189.94000000000003</ele>
   </trkpt>
   <trkpt lat="36.25979" lon="-86.93656">
    <ele>186.74</ele>
   </trkpt>
   <trkpt lat="36.25985" lon="-86.93665">
    <ele>187.12</ele>
   </trkpt>
   <trkpt lat="36.26001" lon="-86.93674">
    <ele>189.22000000000003</ele>
   </trkpt>
   <trkpt lat="36.260160000000006" lon="-86.93699000000001">
    <ele>191.92000000000002</ele>
   </trkpt>
   <trkpt lat="36.26034000000001" lon="-86.93717000000001">
    <ele>195.04000000000002</ele>
   </trkpt>
   <trkpt lat="36.26042" lon="-86.93721000000001">
    <ele>194.97</ele>
   </trkpt>
   <trkpt lat="36.26062" lon="-86.93742">
    <ele>194.51000000000002</ele>
   </trkpt>
   <trkpt lat="36.26064" lon="-86.93764">
    <ele>195.18</ele>
   </trkpt>
   <trkpt lat="36.260630000000006" lon="-86.93773">
    <ele>195.67000000000002</ele>
   </trkpt>
   <trkpt lat="36.260580000000004" lon="-86.93786">
    <ele>196.09</ele>
   </trkpt>
   <trkpt lat="36.26039" lon="-86.93809">
    <ele>198.27000000000004</ele>
   </trkpt>
   <trkpt lat="36.26028" lon="-86.93813">
    <ele>199.58</ele>
   </trkpt>
   <trkpt lat="36.25999" lon="-86.93818">
    <ele>205.19</ele>
   </trkpt>
   <trkpt lat="36.25988" lon="-86.93822">
    <ele>207.01000000000002</ele>
   </trkpt>
   <trkpt lat="36.259440000000005" lon="-86.93831">
    <ele>214.08</ele>
   </trkpt>
   <trkpt lat="36.259440000000005" lon="-86.93827">
    <ele>214.89000000000001</ele>
   </trkpt>
   <trkpt lat="36.2595" lon="-86.93819">
    <ele>216.35000000000002</ele>
   </trkpt>
   <trkpt lat="36.259640000000005" lon="-86.93806000000001">
    <ele>218.74</ele>
   </trkpt>
   <trkpt lat="36.25972" lon="-86.93795">
    <ele>220.03000000000003</ele>
   </trkpt>
   <trkpt lat="36.259750000000004" lon="-86.93777">
    <ele>222.82000000000002</ele>
   </trkpt>
   <trkpt lat="36.259730000000005" lon="-86.93757000000001">
    <ele>224.72000000000003</ele>
   </trkpt>
   <trkpt lat="36.259690000000006" lon="-86.93751">
    <ele>225.15</ele>
   </trkpt>
   <trkpt lat="36.2595" lon="-86.93742">
    <ele>227.75</ele>
   </trkpt>
   <trkpt lat="36.25923" lon="-86.93717000000001">
    <ele>229.75</ele>
   </trkpt>
   <trkpt lat="36.25902" lon="-86.93706">
    <ele>231.18</ele>
   </trkpt>
   <trkpt lat="36.25842" lon="-86.93699000000001">
    <ele>239.23000000000002</ele>
   </trkpt>
   <trkpt lat="36.25788" lon="-86.93688">
    <ele>243.04</ele>
   </trkpt>
   <trkpt lat="36.25775" lon="-86.93697">
    <ele>244.45000000000002</ele>
   </trkpt>
   <trkpt lat="36.257600000000004" lon="-86.93697">
    <ele>246.27</ele>
   </trkpt>
   <trkpt lat="36.25753" lon="-86.93698">
    <ele>246.27</ele>
   </trkpt>
   <trkpt lat="36.25748" lon="-86.93703000000001">
    <ele>246.58</ele>
   </trkpt>
   <trkpt lat="36.257310000000004" lon="-86.93701">
    <ele>246.91000000000003</ele>
   </trkpt>
   <trkpt lat="36.257090000000005" lon="-86.93703000000001">
    <ele>246.51</ele>
   </trkpt>
   <trkpt lat="36.25697" lon="-86.93702">
    <ele>246.46</ele>
   </trkpt>
   <trkpt lat="36.25679" lon="-86.93717000000001">
    <ele>247.01</ele>
   </trkpt>
   <trkpt lat="36.256800000000005" lon="-86.93716">
    <ele>247.01</ele>
   </trkpt>
   <trkpt lat="36.256660000000004" lon="-86.93733">
    <ele>247.65</ele>
   </trkpt>
   <trkpt lat="36.256620000000005" lon="-86.93742">
    <ele>247.82</ele>
   </trkpt>
   <trkpt lat="36.25654" lon="-86.93748000000001">
    <ele>247.85000000000002</ele>
   </trkpt>
   <trkpt lat="36.256440000000005" lon="-86.93752">
    <ele>247.69000000000003</ele>
   </trkpt>
   <trkpt lat="36.256400000000006" lon="-86.93759">
    <ele>247.69000000000003</ele>
   </trkpt>
   <trkpt lat="36.2562" lon="-86.93764">
    <ele>247.44000000000003</ele>
   </trkpt>
   <trkpt lat="36.256150000000005" lon="-86.93768">
    <ele>247.47000000000003</ele>
   </trkpt>
   <trkpt lat="36.255900000000004" lon="-86.93768">
    <ele>247.53000000000003</ele>
   </trkpt>
   <trkpt lat="36.255790000000005" lon="-86.93764">
    <ele>247.19000000000003</ele>
   </trkpt>
   <trkpt lat="36.25573" lon="-86.93755">
    <ele>247.12000000000003</ele>
   </trkpt>
   <trkpt lat="36.25558" lon="-86.93748000000001">
    <ele>247.26</ele>
   </trkpt>
   <trkpt lat="36.25538" lon="-86.93733">
    <ele>248.15</ele>
   </trkpt>
   <trkpt lat="36.255120000000005" lon="-86.93719">
    <ele>248.32000000000002</ele>
   </trkpt>
   <trkpt lat="36.254850000000005" lon="-86.93690000000001">
    <ele>248.05</ele>
   </trkpt>
   <trkpt lat="36.25466" lon="-86.93684">
    <ele>248.81000000000003</ele>
   </trkpt>
   <trkpt lat="36.254540000000006" lon="-86.93692">
    <ele>248.73</ele>
   </trkpt>
   <trkpt lat="36.2545" lon="-86.93717000000001">
    <ele>248.77</ele>
   </trkpt>
   <trkpt lat="36.2545" lon="-86.93737">
    <ele>248.50000000000003</ele>
   </trkpt>
   <trkpt lat="36.25453" lon="-86.93764">
    <ele>247.87</ele>
   </trkpt>
   <trkpt lat="36.2547" lon="-86.938">
    <ele>245.08</ele>
   </trkpt>
   <trkpt lat="36.254900000000006" lon="-86.93813">
    <ele>243.32</ele>
   </trkpt>
   <trkpt lat="36.255010000000006" lon="-86.93818">
    <ele>242.71</ele>
   </trkpt>
   <trkpt lat="36.255230000000005" lon="-86.93811000000001">
    <ele>242.38</ele>
   </trkpt>
   <trkpt lat="36.255410000000005" lon="-86.938">
    <ele>243.71</ele>
   </trkpt>
   <trkpt lat="36.255630000000004" lon="-86.938">
    <ele>243.95000000000002</ele>
   </trkpt>
   <trkpt lat="36.255680000000005" lon="-86.93805">
    <ele>243.82</ele>
   </trkpt>
   <trkpt lat="36.25578" lon="-86.93828">
    <ele>243.16</ele>
   </trkpt>
   <trkpt lat="36.25583" lon="-86.93846">
    <ele>243.43</ele>
   </trkpt>
   <trkpt lat="36.2558" lon="-86.93885">
    <ele>243.77</ele>
   </trkpt>
   <trkpt lat="36.25574" lon="-86.93907">
    <ele>243.75000000000003</ele>
   </trkpt>
   <trkpt lat="36.2556" lon="-86.9393">
    <ele>243.24</ele>
   </trkpt>
   <trkpt lat="36.25544" lon="-86.93943">
    <ele>242.29000000000002</ele>
   </trkpt>
   <trkpt lat="36.25526" lon="-86.93979">
    <ele>241.62000000000003</ele>
   </trkpt>
   <trkpt lat="36.255410000000005" lon="-86.94006">
    <ele>241.06000000000003</ele>
   </trkpt>
   <trkpt lat="36.25544" lon="-86.94016">
    <ele>240.46</ele>
   </trkpt>
   <trkpt lat="36.25545" lon="-86.94029">
    <ele>239.29000000000002</ele>
   </trkpt>
   <trkpt lat="36.25544" lon="-86.94051">
    <ele>238.76000000000002</ele>
   </trkpt>
   <trkpt lat="36.25535" lon="-86.94073">
    <ele>239.19</ele>
   </trkpt>
   <trkpt lat="36.255050000000004" lon="-86.94109">
    <ele>242.1</ele>
   </trkpt>
   <trkpt lat="36.25502" lon="-86.94118">
    <ele>242.67000000000002</ele>
   </trkpt>
   <trkpt lat="36.255010000000006" lon="-86.94133000000001">
    <ele>243.73000000000002</ele>
   </trkpt>
   <trkpt lat="36.25504" lon="-86.94149">
    <ele>245.35</ele>
   </trkpt>
   <trkpt lat="36.25506" lon="-86.94178000000001">
    <ele>246.65</ele>
   </trkpt>
   <trkpt lat="36.255050000000004" lon="-86.94189">
    <ele>246.82</ele>
   </trkpt>
   <trkpt lat="36.25497" lon="-86.94209000000001">
    <ele>245.68</ele>
   </trkpt>
   <trkpt lat="36.25486" lon="-86.9423">
    <ele>244.95000000000002</ele>
   </trkpt>
   <trkpt lat="36.25473" lon="-86.94243">
    <ele>243.69000000000003</ele>
   </trkpt>
   <trkpt lat="36.254670000000004" lon="-86.94252">
    <ele>242.55</ele>
   </trkpt>
   <trkpt lat="36.25453" lon="-86.94265">
    <ele>240.87000000000003</ele>
   </trkpt>
   <trkpt lat="36.254430000000006" lon="-86.9428">
    <ele>239.49</ele>
   </trkpt>
   <trkpt lat="36.254110000000004" lon="-86.9431">
    <ele>235.06</ele>
   </trkpt>
   <trkpt lat="36.254070000000006" lon="-86.94321000000001">
    <ele>234.73000000000002</ele>
   </trkpt>
   <trkpt lat="36.254000000000005" lon="-86.94330000000001">
    <ele>234.64000000000001</ele>
   </trkpt>
   <trkpt lat="36.253930000000004" lon="-86.94352">
    <ele>234.72</ele>
   </trkpt>
   <trkpt lat="36.25386" lon="-86.94364">
    <ele>234.71000000000004</ele>
   </trkpt>
   <trkpt lat="36.253840000000004" lon="-86.94374">
    <ele>234.66</ele>
   </trkpt>
   <trkpt lat="36.253730000000004" lon="-86.94388000000001">
    <ele>234.13000000000002</ele>
   </trkpt>
   <trkpt lat="36.25352" lon="-86.94404">
    <ele>231.62</ele>
   </trkpt>
   <trkpt lat="36.25336" lon="-86.94413">
    <ele>228.33</ele>
   </trkpt>
   <trkpt lat="36.25329" lon="-86.94421000000001">
    <ele>227.47</ele>
   </trkpt>
   <trkpt lat="36.253280000000004" lon="-86.94421000000001">
    <ele>227.41000000000003</ele>
   </trkpt>
   <trkpt lat="36.253150000000005" lon="-86.94436">
    <ele>224.88000000000002</ele>
   </trkpt>
   <trkpt lat="36.25296" lon="-86.94451000000001">
    <ele>223.06</ele>
   </trkpt>
   <trkpt lat="36.2528" lon="-86.94469000000001">
    <ele>222.50000000000003</ele>
   </trkpt>
   <trkpt lat="36.252790000000005" lon="-86.94481">
    <ele>223.72000000000003</ele>
   </trkpt>
   <trkpt lat="36.25282" lon="-86.94489">
    <ele>224.42000000000002</ele>
   </trkpt>
   <trkpt lat="36.25294" lon="-86.94504">
    <ele>227.46</ele>
   </trkpt>
   <trkpt lat="36.253060000000005" lon="-86.94521">
    <ele>228.95000000000002</ele>
   </trkpt>
   <trkpt lat="36.25318" lon="-86.94553">
    <ele>225.85000000000002</ele>
   </trkpt>
   <trkpt lat="36.25329" lon="-86.94565">
    <ele>224.4</ele>
   </trkpt>
   <trkpt lat="36.25339" lon="-86.94585000000001">
    <ele>223.62</ele>
   </trkpt>
   <trkpt lat="36.253400000000006" lon="-86.94637">
    <ele>222.00000000000003</ele>
   </trkpt>
   <trkpt lat="36.25345" lon="-86.94665">
    <ele>220.06</ele>
   </trkpt>
   <trkpt lat="36.25356" lon="-86.94696">
    <ele>218.81</ele>
   </trkpt>
   <trkpt lat="36.25361" lon="-86.94704">
    <ele>218.68</ele>
   </trkpt>
   <trkpt lat="36.25367" lon="-86.94704">
    <ele>219.15</ele>
   </trkpt>
   <trkpt lat="36.253730000000004" lon="-86.94696">
    <ele>220.19000000000003</ele>
   </trkpt>
   <trkpt lat="36.253750000000004" lon="-86.94691">
    <ele>220.84</ele>
   </trkpt>
   <trkpt lat="36.253730000000004" lon="-86.94677">
    <ele>222.96</ele>
   </trkpt>
   <trkpt lat="36.25374" lon="-86.94669">
    <ele>223.64000000000001</ele>
   </trkpt>
   <trkpt lat="36.253840000000004" lon="-86.94637">
    <ele>226.72</ele>
   </trkpt>
   <trkpt lat="36.25401" lon="-86.94588">
    <ele>230.93</ele>
   </trkpt>
   <trkpt lat="36.254020000000004" lon="-86.9458">
    <ele>231.5</ele>
   </trkpt>
   <trkpt lat="36.25415" lon="-86.94549">
    <ele>232.08</ele>
   </trkpt>
   <trkpt lat="36.2541" lon="-86.9448">
    <ele>232.34</ele>
   </trkpt>
   <trkpt lat="36.25405" lon="-86.94454">
    <ele>232.91</ele>
   </trkpt>
   <trkpt lat="36.25408" lon="-86.94432">
    <ele>233.35000000000002</ele>
   </trkpt>
   <trkpt lat="36.25424" lon="-86.94374">
    <ele>235.24000000000004</ele>
   </trkpt>
   <trkpt lat="36.25432" lon="-86.94364">
    <ele>235.67000000000002</ele>
   </trkpt>
   <trkpt lat="36.254470000000005" lon="-86.94355">
    <ele>236.19</ele>
   </trkpt>
   <trkpt lat="36.254650000000005" lon="-86.9435">
    <ele>236.93000000000004</ele>
   </trkpt>
   <trkpt lat="36.254740000000005" lon="-86.9435">
    <ele>237.48000000000002</ele>
   </trkpt>
   <trkpt lat="36.255160000000004" lon="-86.94356">
    <ele>241.72000000000003</ele>
   </trkpt>
   <trkpt lat="36.25526" lon="-86.9435">
    <ele>242.67000000000002</ele>
   </trkpt>
   <trkpt lat="36.25527" lon="-86.94343">
    <ele>242.91</ele>
   </trkpt>
   <trkpt lat="36.25545" lon="-86.94301">
    <ele>243.44000000000003</ele>
   </trkpt>
   <trkpt lat="36.255520000000004" lon="-86.94293">
    <ele>242.97000000000003</ele>
   </trkpt>
   <trkpt lat="36.25574" lon="-86.94284">
    <ele>241.85</ele>
   </trkpt>
   <trkpt lat="36.255860000000006" lon="-86.94276">
    <ele>241.40000000000003</ele>
   </trkpt>
   <trkpt lat="36.255990000000004" lon="-86.94271">
    <ele>240.67000000000002</ele>
   </trkpt>
   <trkpt lat="36.256420000000006" lon="-86.94262">
    <ele>235.75</ele>
   </trkpt>
   <trkpt lat="36.256530000000005" lon="-86.94263000000001">
    <ele>234.40000000000003</ele>
   </trkpt>
   <trkpt lat="36.25672" lon="-86.94274">
    <ele>233.39000000000001</ele>
   </trkpt>
   <trkpt lat="36.25677" lon="-86.94283">
    <ele>233.33</ele>
   </trkpt>
   <trkpt lat="36.256840000000004" lon="-86.94317000000001">
    <ele>233.36</ele>
   </trkpt>
   <trkpt lat="36.25683" lon="-86.94348000000001">
    <ele>233.70000000000002</ele>
   </trkpt>
   <trkpt lat="36.25677" lon="-86.94378">
    <ele>233.54000000000002</ele>
   </trkpt>
   <trkpt lat="36.256820000000005" lon="-86.94437">
    <ele>233.83</ele>
   </trkpt>
   <trkpt lat="36.25685" lon="-86.94449">
    <ele>233.62</ele>
   </trkpt>
   <trkpt lat="36.256820000000005" lon="-86.9448">
    <ele>231.8</ele>
   </trkpt>
   <trkpt lat="36.25674" lon="-86.94495">
    <ele>230.12</ele>
   </trkpt>
   <trkpt lat="36.25647" lon="-86.94521">
    <ele>228.32000000000002</ele>
   </trkpt>
   <trkpt lat="36.25643" lon="-86.9453">
    <ele>225.51000000000002</ele>
   </trkpt>
   <trkpt lat="36.256350000000005" lon="-86.94535">
    <ele>225.51000000000002</ele>
   </trkpt>
   <trkpt lat="36.256170000000004" lon="-86.94558">
    <ele>222.94000000000003</ele>
   </trkpt>
   <trkpt lat="36.256060000000005" lon="-86.9457">
    <ele>222.16000000000003</ele>
   </trkpt>
   <trkpt lat="36.25587" lon="-86.94598">
    <ele>222.12</ele>
   </trkpt>
   <trkpt lat="36.255660000000006" lon="-86.94624">
    <ele>220.8</ele>
   </trkpt>
   <trkpt lat="36.2556" lon="-86.94625">
    <ele>220.59</ele>
   </trkpt>
   <trkpt lat="36.255570000000006" lon="-86.94637">
    <ele>220.07000000000002</ele>
   </trkpt>
   <trkpt lat="36.25544" lon="-86.94646">
    <ele>219.15</ele>
   </trkpt>
   <trkpt lat="36.25531" lon="-86.94679000000001">
    <ele>217.08</ele>
   </trkpt>
   <trkpt lat="36.25535" lon="-86.94691">
    <ele>216.88000000000002</ele>
   </trkpt>
   <trkpt lat="36.255430000000004" lon="-86.94695">
    <ele>217.08</ele>
   </trkpt>
   <trkpt lat="36.25558" lon="-86.94687">
    <ele>218.31</ele>
   </trkpt>
   <trkpt lat="36.255660000000006" lon="-86.94688000000001">
    <ele>219.25000000000003</ele>
   </trkpt>
   <trkpt lat="36.25576" lon="-86.94682">
    <ele>220.54000000000002</ele>
   </trkpt>
   <trkpt lat="36.25583" lon="-86.94665">
    <ele>223.22000000000003</ele>
   </trkpt>
   <trkpt lat="36.255930000000006" lon="-86.94664">
    <ele>224.9</ele>
   </trkpt>
   <trkpt lat="36.25596" lon="-86.94659">
    <ele>224.9</ele>
   </trkpt>
   <trkpt lat="36.256170000000004" lon="-86.94646">
    <ele>227.87</ele>
   </trkpt>
   <trkpt lat="36.256440000000005" lon="-86.94615">
    <ele>231.65</ele>
   </trkpt>
   <trkpt lat="36.25658" lon="-86.94607">
    <ele>232.36</ele>
   </trkpt>
   <trkpt lat="36.25672" lon="-86.94592">
    <ele>233.58</ele>
   </trkpt>
   <trkpt lat="36.25694" lon="-86.94594000000001">
    <ele>233.20000000000002</ele>
   </trkpt>
   <trkpt lat="36.25708" lon="-86.94592">
    <ele>233.09</ele>
   </trkpt>
   <trkpt lat="36.257220000000004" lon="-86.94598">
    <ele>233.05</ele>
   </trkpt>
   <trkpt lat="36.25744" lon="-86.94611">
    <ele>232.76000000000002</ele>
   </trkpt>
   <trkpt lat="36.257560000000005" lon="-86.9462">
    <ele>233.3</ele>
   </trkpt>
   <trkpt lat="36.25762" lon="-86.94641">
    <ele>234.84</ele>
   </trkpt>
   <trkpt lat="36.25762" lon="-86.9465">
    <ele>236.06</ele>
   </trkpt>
   <trkpt lat="36.25766" lon="-86.94666000000001">
    <ele>238.15000000000003</ele>
   </trkpt>
   <trkpt lat="36.25773" lon="-86.94673">
    <ele>239.0</ele>
   </trkpt>
   <trkpt lat="36.25775" lon="-86.94673">
    <ele>239.0</ele>
   </trkpt>
   <trkpt lat="36.25773" lon="-86.94673">
    <ele>239.0</ele>
   </trkpt>
   <trkpt lat="36.25782" lon="-86.94674">
    <ele>239.40000000000003</ele>
   </trkpt>
   <trkpt lat="36.25795" lon="-86.94686">
    <ele>238.51000000000002</ele>
   </trkpt>
   <trkpt lat="36.25815" lon="-86.94687">
    <ele>234.67000000000002</ele>
   </trkpt>
   <trkpt lat="36.25802" lon="-86.94668">
    <ele>232.85000000000002</ele>
   </trkpt>
   <trkpt lat="36.25795" lon="-86.94655">
    <ele>230.87</ele>
   </trkpt>
   <trkpt lat="36.25799" lon="-86.94628">
    <ele>227.62</ele>
   </trkpt>
   <trkpt lat="36.258050000000004" lon="-86.94607">
    <ele>225.79000000000002</ele>
   </trkpt>
   <trkpt lat="36.258100000000006" lon="-86.94598">
    <ele>224.10000000000002</ele>
   </trkpt>
   <trkpt lat="36.25822" lon="-86.94588">
    <ele>223.02</ele>
   </trkpt>
   <trkpt lat="36.258860000000006" lon="-86.94557">
    <ele>219.81</ele>
   </trkpt>
   <trkpt lat="36.25909" lon="-86.94556">
    <ele>218.49</ele>
   </trkpt>
   <trkpt lat="36.25925" lon="-86.94552">
    <ele>217.74</ele>
   </trkpt>
   <trkpt lat="36.259350000000005" lon="-86.94556">
    <ele>216.82000000000002</ele>
   </trkpt>
   <trkpt lat="36.25958" lon="-86.94552">
    <ele>216.57000000000002</ele>
   </trkpt>
   <trkpt lat="36.259800000000006" lon="-86.94544">
    <ele>217.78000000000003</ele>
   </trkpt>
   <trkpt lat="36.25996" lon="-86.94543">
    <ele>218.32000000000002</ele>
   </trkpt>
   <trkpt lat="36.260020000000004" lon="-86.94538">
    <ele>218.88000000000002</ele>
   </trkpt>
   <trkpt lat="36.26001" lon="-86.9453">
    <ele>219.19000000000003</ele>
   </trkpt>
   <trkpt lat="36.25986" lon="-86.94505000000001">
    <ele>221.58</ele>
   </trkpt>
   <trkpt lat="36.2597" lon="-86.94485">
    <ele>222.58</ele>
   </trkpt>
   <trkpt lat="36.259530000000005" lon="-86.94458">
    <ele>223.27</ele>
   </trkpt>
   <trkpt lat="36.25934" lon="-86.94444">
    <ele>224.52</ele>
   </trkpt>
   <trkpt lat="36.25927" lon="-86.94446">
    <ele>224.66000000000003</ele>
   </trkpt>
   <trkpt lat="36.2592" lon="-86.94444">
    <ele>225.09</ele>
   </trkpt>
   <trkpt lat="36.259" lon="-86.94449">
    <ele>225.39000000000001</ele>
   </trkpt>
   <trkpt lat="36.258840000000006" lon="-86.94458">
    <ele>226.34</ele>
   </trkpt>
   <trkpt lat="36.258770000000005" lon="-86.94454">
    <ele>226.57000000000002</ele>
   </trkpt>
   <trkpt lat="36.25873" lon="-86.94458">
    <ele>226.61</ele>
   </trkpt>
   <trkpt lat="36.258630000000004" lon="-86.94460000000001">
    <ele>226.49</ele>
   </trkpt>
   <trkpt lat="36.25854" lon="-86.94458">
    <ele>226.05</ele>
   </trkpt>
   <trkpt lat="36.258230000000005" lon="-86.94460000000001">
    <ele>225.78</ele>
   </trkpt>
   <trkpt lat="36.25784" lon="-86.94471">
    <ele>224.72000000000003</ele>
   </trkpt>
   <trkpt lat="36.25777" lon="-86.94467">
    <ele>224.72000000000003</ele>
   </trkpt>
   <trkpt lat="36.257630000000006" lon="-86.94467">
    <ele>224.16000000000003</ele>
   </trkpt>
   <trkpt lat="36.257540000000006" lon="-86.94458">
    <ele>223.15</ele>
   </trkpt>
   <trkpt lat="36.25753" lon="-86.94451000000001">
    <ele>222.69000000000003</ele>
   </trkpt>
   <trkpt lat="36.257560000000005" lon="-86.94424000000001">
    <ele>220.19000000000003</ele>
   </trkpt>
   <trkpt lat="36.257760000000005" lon="-86.94374">
    <ele>218.84</ele>
   </trkpt>
   <trkpt lat="36.257850000000005" lon="-86.94368">
    <ele>218.56</ele>
   </trkpt>
   <trkpt lat="36.25798" lon="-86.94356">
    <ele>218.69000000000003</ele>
   </trkpt>
   <trkpt lat="36.258190000000006" lon="-86.94333">
    <ele>219.71</ele>
   </trkpt>
   <trkpt lat="36.25846" lon="-86.94306">
    <ele>219.61</ele>
   </trkpt>
   <trkpt lat="36.25849" lon="-86.94298">
    <ele>219.88000000000002</ele>
   </trkpt>
   <trkpt lat="36.25849" lon="-86.94292">
    <ele>220.26000000000002</ele>
   </trkpt>
   <trkpt lat="36.25845" lon="-86.94275">
    <ele>221.21</ele>
   </trkpt>
   <trkpt lat="36.25842" lon="-86.9427">
    <ele>223.4</ele>
   </trkpt>
   <trkpt lat="36.25831" lon="-86.94262">
    <ele>224.35000000000002</ele>
   </trkpt>
   <trkpt lat="36.258210000000005" lon="-86.94247">
    <ele>226.14000000000001</ele>
   </trkpt>
   <trkpt lat="36.258120000000005" lon="-86.94243">
    <ele>226.14000000000001</ele>
   </trkpt>
   <trkpt lat="36.25759" lon="-86.94194">
    <ele>229.07000000000002</ele>
   </trkpt>
   <trkpt lat="36.25743000000001" lon="-86.94187000000001">
    <ele>229.65</ele>
   </trkpt>
   <trkpt lat="36.25705" lon="-86.94181">
    <ele>231.14000000000001</ele>
   </trkpt>
   <trkpt lat="36.25699" lon="-86.94178000000001">
    <ele>231.22</ele>
   </trkpt>
   <trkpt lat="36.256980000000006" lon="-86.94177">
    <ele>231.22</ele>
   </trkpt>
   <trkpt lat="36.25685" lon="-86.94168">
    <ele>231.39000000000001</ele>
   </trkpt>
   <trkpt lat="36.25658" lon="-86.94155">
    <ele>233.0</ele>
   </trkpt>
   <trkpt lat="36.256350000000005" lon="-86.94149">
    <ele>234.66</ele>
   </trkpt>
   <trkpt lat="36.25612" lon="-86.9414">
    <ele>235.79000000000002</ele>
   </trkpt>
   <trkpt lat="36.256040000000006" lon="-86.9414">
    <ele>236.01000000000002</ele>
   </trkpt>
   <trkpt lat="36.255950000000006" lon="-86.94136">
    <ele>237.22</ele>
   </trkpt>
   <trkpt lat="36.25583" lon="-86.94124000000001">
    <ele>237.76000000000002</ele>
   </trkpt>
   <trkpt lat="36.25576" lon="-86.94114">
    <ele>238.08</ele>
   </trkpt>
   <trkpt lat="36.255680000000005" lon="-86.94064">
    <ele>239.53000000000003</ele>
   </trkpt>
   <trkpt lat="36.25571" lon="-86.9405">
    <ele>239.79000000000002</ele>
   </trkpt>
   <trkpt lat="36.255840000000006" lon="-86.94026000000001">
    <ele>241.51000000000002</ele>
   </trkpt>
   <trkpt lat="36.25607" lon="-86.94002">
    <ele>244.64000000000001</ele>
   </trkpt>
   <trkpt lat="36.25627" lon="-86.93975">
    <ele>247.48000000000002</ele>
   </trkpt>
   <trkpt lat="36.25643" lon="-86.93965">
    <ele>247.66000000000003</ele>
   </trkpt>
   <trkpt lat="36.256510000000006" lon="-86.93936000000001">
    <ele>246.37000000000003</ele>
   </trkpt>
   <trkpt lat="36.256530000000005" lon="-86.93934">
    <ele>245.87000000000003</ele>
   </trkpt>
   <trkpt lat="36.25657" lon="-86.93912">
    <ele>243.46</ele>
   </trkpt>
   <trkpt lat="36.25658" lon="-86.93887000000001">
    <ele>241.48000000000002</ele>
   </trkpt>
   <trkpt lat="36.25652" lon="-86.93858">
    <ele>240.87000000000003</ele>
   </trkpt>
   <trkpt lat="36.25659" lon="-86.93824000000001">
    <ele>241.97000000000003</ele>
   </trkpt>
   <trkpt lat="36.256800000000005" lon="-86.93793000000001">
    <ele>244.52</ele>
   </trkpt>
   <trkpt lat="36.256910000000005" lon="-86.93788">
    <ele>245.18</ele>
   </trkpt>
   <trkpt lat="36.257020000000004" lon="-86.93788">
    <ele>245.06000000000003</ele>
   </trkpt>
   <trkpt lat="36.257250000000006" lon="-86.93815000000001">
    <ele>241.03000000000003</ele>
   </trkpt>
   <trkpt lat="36.257450000000006" lon="-86.93836">
    <ele>238.87000000000003</ele>
   </trkpt>
   <trkpt lat="36.25753" lon="-86.9384">
    <ele>238.72</ele>
   </trkpt>
   <trkpt lat="36.25755" lon="-86.93845">
    <ele>238.71000000000004</ele>
   </trkpt>
   <trkpt lat="36.25761" lon="-86.93849">
    <ele>238.88</ele>
   </trkpt>
   <trkpt lat="36.257740000000005" lon="-86.93855">
    <ele>239.78000000000003</ele>
   </trkpt>
   <trkpt lat="36.25784" lon="-86.93864">
    <ele>240.72</ele>
   </trkpt>
   <trkpt lat="36.258070000000004" lon="-86.93867">
    <ele>244.59000000000003</ele>
   </trkpt>
   <trkpt lat="36.25815" lon="-86.93873">
    <ele>245.48000000000002</ele>
   </trkpt>
   <trkpt lat="36.258230000000005" lon="-86.93876">
    <ele>246.13000000000002</ele>
   </trkpt>
   <trkpt lat="36.258370000000006" lon="-86.93869000000001">
    <ele>246.17000000000002</ele>
   </trkpt>
   <trkpt lat="36.258430000000004" lon="-86.93871">
    <ele>245.87000000000003</ele>
   </trkpt>
   <trkpt lat="36.258570000000006" lon="-86.93895">
    <ele>243.45000000000002</ele>
   </trkpt>
   <trkpt lat="36.258630000000004" lon="-86.93898">
    <ele>241.81000000000003</ele>
   </trkpt>
   <trkpt lat="36.258750000000006" lon="-86.93912">
    <ele>240.76000000000002</ele>
   </trkpt>
   <trkpt lat="36.25893" lon="-86.93921">
    <ele>237.0</ele>
   </trkpt>
   <trkpt lat="36.259190000000004" lon="-86.9393">
    <ele>235.72</ele>
   </trkpt>
   <trkpt lat="36.259440000000005" lon="-86.9393">
    <ele>233.89000000000001</ele>
   </trkpt>
   <trkpt lat="36.25961" lon="-86.93925">
    <ele>232.56</ele>
   </trkpt>
   <trkpt lat="36.259980000000006" lon="-86.93918000000001">
    <ele>229.23000000000002</ele>
   </trkpt>
   <trkpt lat="36.260090000000005" lon="-86.93914000000001">
    <ele>227.5</ele>
   </trkpt>
   <trkpt lat="36.2601" lon="-86.93914000000001">
    <ele>227.54000000000002</ele>
   </trkpt>
   <trkpt lat="36.260250000000006" lon="-86.93903">
    <ele>224.76000000000002</ele>
   </trkpt>
   <trkpt lat="36.26044" lon="-86.93898">
    <ele>224.11</ele>
   </trkpt>
   <trkpt lat="36.2607" lon="-86.93894">
    <ele>225.79000000000002</ele>
   </trkpt>
   <trkpt lat="36.260870000000004" lon="-86.93894">
    <ele>227.86</ele>
   </trkpt>
   <trkpt lat="36.26106" lon="-86.93889">
    <ele>228.62</ele>
   </trkpt>
   <trkpt lat="36.26126" lon="-86.93871">
    <ele>227.15</ele>
   </trkpt>
   <trkpt lat="36.26133" lon="-86.93867">
    <ele>226.87</ele>
   </trkpt>
   <trkpt lat="36.261540000000004" lon="-86.93862">
    <ele>225.74</ele>
   </trkpt>
   <trkpt lat="36.261900000000004" lon="-86.93859">
    <ele>223.24</ele>
   </trkpt>
   <trkpt lat="36.262330000000006" lon="-86.93867">
    <ele>220.87</ele>
   </trkpt>
   <trkpt lat="36.26263" lon="-86.93858">
    <ele>217.84</ele>
   </trkpt>
   <trkpt lat="36.26326" lon="-86.93862">
    <ele>216.03000000000003</ele>
   </trkpt>
   <trkpt lat="36.26343" lon="-86.93855">
    <ele>214.76</ele>
   </trkpt>
   <trkpt lat="36.263600000000004" lon="-86.93855">
    <ele>213.97000000000003</ele>
   </trkpt>
   <trkpt lat="36.26357" lon="-86.93855">
    <ele>214.01</ele>
   </trkpt>
   <trkpt lat="36.263850000000005" lon="-86.93853">
    <ele>212.82</ele>
   </trkpt>
   <trkpt lat="36.263920000000006" lon="-86.93849">
    <ele>212.53000000000003</ele>
   </trkpt>
   <trkpt lat="36.264160000000004" lon="-86.93853">
    <ele>212.01</ele>
   </trkpt>
   <trkpt lat="36.26449" lon="-86.9384">
    <ele>208.26000000000002</ele>
   </trkpt>
   <trkpt lat="36.26465" lon="-86.93836">
    <ele>206.70000000000002</ele>
   </trkpt>
   <trkpt lat="36.26489" lon="-86.93822">
    <ele>203.76000000000002</ele>
   </trkpt>
   <trkpt lat="36.264900000000004" lon="-86.93819">
    <ele>203.76000000000002</ele>
   </trkpt>
   <trkpt lat="36.26476" lon="-86.93815000000001">
    <ele>198.99000000000004</ele>
   </trkpt>
   <trkpt lat="36.264680000000006" lon="-86.9381">
    <ele>198.99000000000004</ele>
   </trkpt>
   <trkpt lat="36.264570000000006" lon="-86.9381">
    <ele>195.95000000000002</ele>
   </trkpt>
   <trkpt lat="36.264450000000004" lon="-86.93806000000001">
    <ele>195.95000000000002</ele>
   </trkpt>
   <trkpt lat="36.264230000000005" lon="-86.93795">
    <ele>190.78</ele>
   </trkpt>
   <trkpt lat="36.263740000000006" lon="-86.93787">
    <ele>185.98</ele>
   </trkpt>
   <trkpt lat="36.263630000000006" lon="-86.93782">
    <ele>184.7</ele>
   </trkpt>
   <trkpt lat="36.26355" lon="-86.93782">
    <ele>182.43</ele>
   </trkpt>
   <trkpt lat="36.263510000000004" lon="-86.93777">
    <ele>182.43</ele>
   </trkpt>
   <trkpt lat="36.26364" lon="-86.93769">
    <ele>179.96</ele>
   </trkpt>
   <trkpt lat="36.264010000000006" lon="-86.9376">
    <ele>177.19</ele>
   </trkpt>
   <trkpt lat="36.26458" lon="-86.93751">
    <ele>173.96</ele>
   </trkpt>
   <trkpt lat="36.26462" lon="-86.93738">
    <ele>176.15</ele>
   </trkpt>
   <trkpt lat="36.264680000000006" lon="-86.93730000000001">
    <ele>176.89000000000001</ele>
   </trkpt>
   <trkpt lat="36.26487" lon="-86.93719">
    <ele>179.01</ele>
   </trkpt>
   <trkpt lat="36.26505" lon="-86.93701">
    <ele>182.97000000000003</ele>
   </trkpt>
   <trkpt lat="36.26529" lon="-86.93671">
    <ele>186.87</ele>
   </trkpt>
   <trkpt lat="36.26543" lon="-86.93643">
    <ele>188.41000000000003</ele>
   </trkpt>
   <trkpt lat="36.265550000000005" lon="-86.93634">
    <ele>188.29000000000002</ele>
   </trkpt>
   <trkpt lat="36.26559" lon="-86.93622">
    <ele>187.96</ele>
   </trkpt>
   <trkpt lat="36.26563" lon="-86.93598">
    <ele>187.82000000000002</ele>
   </trkpt>
   <trkpt lat="36.26559" lon="-86.93571">
    <ele>187.96</ele>
   </trkpt>
   <trkpt lat="36.265260000000005" lon="-86.93513">
    <ele>186.94000000000003</ele>
   </trkpt>
   <trkpt lat="36.265260000000005" lon="-86.93496">
    <ele>186.21</ele>
   </trkpt>
   <trkpt lat="36.26522000000001" lon="-86.93486">
    <ele>184.88000000000002</ele>
   </trkpt>
   <trkpt lat="36.265150000000006" lon="-86.93479">
    <ele>183.76</ele>
   </trkpt>
   <trkpt lat="36.26507" lon="-86.93477">
    <ele>183.07</ele>
   </trkpt>
   <trkpt lat="36.265040000000006" lon="-86.93473">
    <ele>183.07</ele>
   </trkpt>
   <trkpt lat="36.26511" lon="-86.93451">
    <ele>181.8</ele>
   </trkpt>
   <trkpt lat="36.26511" lon="-86.93429">
    <ele>180.47000000000003</ele>
   </trkpt>
   <trkpt lat="36.26505" lon="-86.93399000000001">
    <ele>176.93</ele>
   </trkpt>
   <trkpt lat="36.26496" lon="-86.93374">
    <ele>175.31000000000003</ele>
   </trkpt>
   <trkpt lat="36.26493" lon="-86.9333">
    <ele>172.35</ele>
   </trkpt>
   <trkpt lat="36.264900000000004" lon="-86.93314000000001">
    <ele>170.55</ele>
   </trkpt>
   <trkpt lat="36.26478" lon="-86.93298">
    <ele>169.47</ele>
   </trkpt>
   <trkpt lat="36.26476" lon="-86.93269000000001">
    <ele>167.95000000000002</ele>
   </trkpt>
   <trkpt lat="36.2648" lon="-86.93252000000001">
    <ele>167.5</ele>
   </trkpt>
   <trkpt lat="36.26483" lon="-86.93233000000001">
    <ele>167.51000000000002</ele>
   </trkpt>
   <trkpt lat="36.26482" lon="-86.93227">
    <ele>167.51000000000002</ele>
   </trkpt>
   <trkpt lat="36.26478" lon="-86.93223">
    <ele>167.74</ele>
   </trkpt>
   <trkpt lat="36.26467" lon="-86.93219">
    <ele>167.82000000000002</ele>
   </trkpt>
   <trkpt lat="36.264590000000005" lon="-86.93220000000001">
    <ele>167.99</ele>
   </trkpt>
   <trkpt lat="36.26446" lon="-86.93218">
    <ele>168.11</ele>
   </trkpt>
   <trkpt lat="36.264450000000004" lon="-86.93204">
    <ele>168.36</ele>
   </trkpt>
   <trkpt lat="36.26447" lon="-86.932">
    <ele>168.59</ele>
   </trkpt>
   <trkpt lat="36.26456" lon="-86.93196">
    <ele>169.4</ele>
   </trkpt>
   <trkpt lat="36.264590000000005" lon="-86.93186">
    <ele>171.24</ele>
   </trkpt>
   <trkpt lat="36.264590000000005" lon="-86.93177">
    <ele>171.8</ele>
   </trkpt>
   <trkpt lat="36.26453" lon="-86.93157000000001">
    <ele>172.97</ele>
   </trkpt>
   <trkpt lat="36.264390000000006" lon="-86.93152">
    <ele>173.16</ele>
   </trkpt>
   <trkpt lat="36.264320000000005" lon="-86.93147">
    <ele>173.33</ele>
   </trkpt>
   <trkpt lat="36.26424" lon="-86.93121000000001">
    <ele>174.3</ele>
   </trkpt>
   <trkpt lat="36.26426" lon="-86.93112">
    <ele>174.6</ele>
   </trkpt>
   <trkpt lat="36.264210000000006" lon="-86.93092">
    <ele>177.03000000000003</ele>
   </trkpt>
   <trkpt lat="36.264160000000004" lon="-86.93084">
    <ele>177.55</ele>
   </trkpt>
   <trkpt lat="36.264050000000005" lon="-86.93072000000001">
    <ele>179.00000000000003</ele>
   </trkpt>
   <trkpt lat="36.26399" lon="-86.9307">
    <ele>179.43</ele>
   </trkpt>
   <trkpt lat="36.263940000000005" lon="-86.93061">
    <ele>180.64000000000001</ele>
   </trkpt>
   <trkpt lat="36.26393" lon="-86.93044">
    <ele>183.48</ele>
   </trkpt>
   <trkpt lat="36.263960000000004" lon="-86.93048">
    <ele>183.48</ele>
   </trkpt>
   <trkpt lat="36.264430000000004" lon="-86.93061">
    <ele>195.23000000000002</ele>
   </trkpt>
   <trkpt lat="36.26456" lon="-86.93061">
    <ele>197.47</ele>
   </trkpt>
   <trkpt lat="36.26471" lon="-86.93049">
    <ele>199.29000000000002</ele>
   </trkpt>
   <trkpt lat="36.26478" lon="-86.93039">
    <ele>202.54000000000002</ele>
   </trkpt>
   <trkpt lat="36.264540000000004" lon="-86.93043">
    <ele>205.64000000000001</ele>
   </trkpt>
   <trkpt lat="36.26424" lon="-86.93021">
    <ele>206.81000000000003</ele>
   </trkpt>
   <trkpt lat="36.26413" lon="-86.93">
    <ele>207.14000000000001</ele>
   </trkpt>
   <trkpt lat="36.26409" lon="-86.92982">
    <ele>209.04</ele>
   </trkpt>
   <trkpt lat="36.264120000000005" lon="-86.92968">
    <ele>210.56000000000003</ele>
   </trkpt>
   <trkpt lat="36.26428000000001" lon="-86.92949">
    <ele>214.70000000000002</ele>
   </trkpt>
   <trkpt lat="36.26433" lon="-86.9294">
    <ele>215.66000000000003</ele>
   </trkpt>
   <trkpt lat="36.264390000000006" lon="-86.92936">
    <ele>216.44000000000003</ele>
   </trkpt>
   <trkpt lat="36.264770000000006" lon="-86.92896">
    <ele>221.35000000000002</ele>
   </trkpt>
   <trkpt lat="36.264860000000006" lon="-86.92883">
    <ele>222.55</ele>
   </trkpt>
   <trkpt lat="36.26498" lon="-86.92873">
    <ele>222.98000000000002</ele>
   </trkpt>
   <trkpt lat="36.265060000000005" lon="-86.92861">
    <ele>225.75</ele>
   </trkpt>
   <trkpt lat="36.26516" lon="-86.9286">
    <ele>226.15</ele>
   </trkpt>
   <trkpt lat="36.2652" lon="-86.92851">
    <ele>226.73000000000002</ele>
   </trkpt>
   <trkpt lat="36.265370000000004" lon="-86.92835000000001">
    <ele>228.17000000000002</ele>
   </trkpt>
   <trkpt lat="36.265370000000004" lon="-86.92833">
    <ele>228.17000000000002</ele>
   </trkpt>
   <trkpt lat="36.265460000000004" lon="-86.92812">
    <ele>230.16000000000003</ele>
   </trkpt>
   <trkpt lat="36.26549" lon="-86.9278">
    <ele>231.11</ele>
   </trkpt>
   <trkpt lat="36.26556" lon="-86.92757">
    <ele>232.29000000000002</ele>
   </trkpt>
   <trkpt lat="36.26559" lon="-86.92736000000001">
    <ele>233.28</ele>
   </trkpt>
   <trkpt lat="36.265710000000006" lon="-86.92717">
    <ele>235.0</ele>
   </trkpt>
   <trkpt lat="36.26577" lon="-86.92695">
    <ele>235.81</ele>
   </trkpt>
   <trkpt lat="36.26578" lon="-86.9269">
    <ele>235.85000000000002</ele>
   </trkpt>
   <trkpt lat="36.26576" lon="-86.92677">
    <ele>235.89000000000001</ele>
   </trkpt>
   <trkpt lat="36.26576" lon="-86.92659">
    <ele>237.09000000000003</ele>
   </trkpt>
   <trkpt lat="36.26596" lon="-86.92628">
    <ele>236.91</ele>
   </trkpt>
   <trkpt lat="36.26603" lon="-86.92602000000001">
    <ele>234.06</ele>
   </trkpt>
   <trkpt lat="36.26601" lon="-86.92578">
    <ele>232.72</ele>
   </trkpt>
   <trkpt lat="36.26596" lon="-86.92564">
    <ele>231.62</ele>
   </trkpt>
   <trkpt lat="36.26583" lon="-86.92551">
    <ele>230.97</ele>
   </trkpt>
   <trkpt lat="36.265750000000004" lon="-86.92548000000001">
    <ele>230.95000000000002</ele>
   </trkpt>
   <trkpt lat="36.265660000000004" lon="-86.92542">
    <ele>231.05</ele>
   </trkpt>
   <trkpt lat="36.26552" lon="-86.92537">
    <ele>231.29000000000002</ele>
   </trkpt>
   <trkpt lat="36.265480000000004" lon="-86.92537">
    <ele>231.78</ele>
   </trkpt>
   <trkpt lat="36.26541" lon="-86.92533">
    <ele>231.88000000000002</ele>
   </trkpt>
   <trkpt lat="36.265330000000006" lon="-86.92533">
    <ele>231.79000000000002</ele>
   </trkpt>
   <trkpt lat="36.264810000000004" lon="-86.92491000000001">
    <ele>230.22</ele>
   </trkpt>
   <trkpt lat="36.2648" lon="-86.92490000000001">
    <ele>230.22</ele>
   </trkpt>
   <trkpt lat="36.26465" lon="-86.92479">
    <ele>231.43</ele>
   </trkpt>
   <trkpt lat="36.26458" lon="-86.92479">
    <ele>232.75</ele>
   </trkpt>
   <trkpt lat="36.26449" lon="-86.92471">
    <ele>233.58</ele>
   </trkpt>
   <trkpt lat="36.264340000000004" lon="-86.92448">
    <ele>234.81</ele>
   </trkpt>
   <trkpt lat="36.264320000000005" lon="-86.92407">
    <ele>236.14000000000001</ele>
   </trkpt>
   <trkpt lat="36.26428000000001" lon="-86.924">
    <ele>237.27</ele>
   </trkpt>
   <trkpt lat="36.26427" lon="-86.92391">
    <ele>238.17000000000002</ele>
   </trkpt>
   <trkpt lat="36.264190000000006" lon="-86.92380000000001">
    <ele>238.61</ele>
   </trkpt>
   <trkpt lat="36.26415" lon="-86.92378000000001">
    <ele>238.35</ele>
   </trkpt>
   <trkpt lat="36.264160000000004" lon="-86.92356000000001">
    <ele>237.66</ele>
   </trkpt>
   <trkpt lat="36.264070000000004" lon="-86.92329000000001">
    <ele>236.53</ele>
   </trkpt>
   <trkpt lat="36.26395" lon="-86.92302000000001">
    <ele>235.49000000000004</ele>
   </trkpt>
   <trkpt lat="36.26389" lon="-86.92278">
    <ele>233.45000000000002</ele>
   </trkpt>
   <trkpt lat="36.26388" lon="-86.92251">
    <ele>231.38000000000002</ele>
   </trkpt>
   <trkpt lat="36.26391" lon="-86.9222">
    <ele>230.01000000000002</ele>
   </trkpt>
   <trkpt lat="36.263780000000004" lon="-86.92184">
    <ele>231.23000000000002</ele>
   </trkpt>
   <trkpt lat="36.26371" lon="-86.92175">
    <ele>231.87</ele>
   </trkpt>
   <trkpt lat="36.26361" lon="-86.9217">
    <ele>232.3</ele>
   </trkpt>
   <trkpt lat="36.263540000000006" lon="-86.92162">
    <ele>232.64000000000001</ele>
   </trkpt>
   <trkpt lat="36.263290000000005" lon="-86.92152">
    <ele>232.33</ele>
   </trkpt>
   <trkpt lat="36.262950000000004" lon="-86.92143">
    <ele>235.29000000000002</ele>
   </trkpt>
   <trkpt lat="36.26288" lon="-86.92148">
    <ele>236.37000000000003</ele>
   </trkpt>
   <trkpt lat="36.26283" lon="-86.92154000000001">
    <ele>236.69</ele>
   </trkpt>
   <trkpt lat="36.26281" lon="-86.92168000000001">
    <ele>236.45000000000002</ele>
   </trkpt>
   <trkpt lat="36.26277" lon="-86.92177000000001">
    <ele>236.40000000000003</ele>
   </trkpt>
   <trkpt lat="36.26274" lon="-86.92201">
    <ele>236.59</ele>
   </trkpt>
   <trkpt lat="36.26258" lon="-86.92233">
    <ele>238.67000000000002</ele>
   </trkpt>
   <trkpt lat="36.26254" lon="-86.92233">
    <ele>238.67000000000002</ele>
   </trkpt>
   <trkpt lat="36.262480000000004" lon="-86.92239000000001">
    <ele>239.02</ele>
   </trkpt>
   <trkpt lat="36.26236" lon="-86.92247">
    <ele>238.91</ele>
   </trkpt>
   <trkpt lat="36.262260000000005" lon="-86.92257000000001">
    <ele>238.15000000000003</ele>
   </trkpt>
   <trkpt lat="36.2622" lon="-86.9226">
    <ele>237.92000000000002</ele>
   </trkpt>
   <trkpt lat="36.262080000000005" lon="-86.92255">
    <ele>237.35000000000002</ele>
   </trkpt>
   <trkpt lat="36.2618" lon="-86.92269">
    <ele>234.06</ele>
   </trkpt>
   <trkpt lat="36.26176" lon="-86.92273">
    <ele>233.67000000000002</ele>
   </trkpt>
   <trkpt lat="36.26155" lon="-86.92282">
    <ele>233.07000000000002</ele>
   </trkpt>
   <trkpt lat="36.26142" lon="-86.92279">
    <ele>234.06</ele>
   </trkpt>
   <trkpt lat="36.261340000000004" lon="-86.92273">
    <ele>235.04000000000002</ele>
   </trkpt>
   <trkpt lat="36.261300000000006" lon="-86.92269">
    <ele>236.33</ele>
   </trkpt>
   <trkpt lat="36.261230000000005" lon="-86.92255">
    <ele>237.49</ele>
   </trkpt>
   <trkpt lat="36.26124" lon="-86.92237">
    <ele>238.51000000000002</ele>
   </trkpt>
   <trkpt lat="36.261300000000006" lon="-86.92224">
    <ele>238.39000000000001</ele>
   </trkpt>
   <trkpt lat="36.26131" lon="-86.92216">
    <ele>238.04000000000002</ele>
   </trkpt>
   <trkpt lat="36.26146" lon="-86.92202">
    <ele>238.09000000000003</ele>
   </trkpt>
   <trkpt lat="36.2616" lon="-86.92194">
    <ele>238.48000000000002</ele>
   </trkpt>
   <trkpt lat="36.26165" lon="-86.92189">
    <ele>238.46000000000004</ele>
   </trkpt>
   <trkpt lat="36.261700000000005" lon="-86.92176">
    <ele>238.19</ele>
   </trkpt>
   <trkpt lat="36.261810000000004" lon="-86.9217">
    <ele>238.22</ele>
   </trkpt>
   <trkpt lat="36.26184000000001" lon="-86.92161">
    <ele>238.47</ele>
   </trkpt>
   <trkpt lat="36.26198" lon="-86.92153">
    <ele>239.19</ele>
   </trkpt>
   <trkpt lat="36.26203" lon="-86.92143">
    <ele>239.26000000000002</ele>
   </trkpt>
   <trkpt lat="36.26209" lon="-86.92136">
    <ele>238.86</ele>
   </trkpt>
   <trkpt lat="36.26216" lon="-86.92121">
    <ele>238.77</ele>
   </trkpt>
   <trkpt lat="36.262220000000006" lon="-86.92114000000001">
    <ele>239.13</ele>
   </trkpt>
   <trkpt lat="36.262280000000004" lon="-86.92112">
    <ele>239.42000000000002</ele>
   </trkpt>
   <trkpt lat="36.26231000000001" lon="-86.92112">
    <ele>239.68000000000004</ele>
   </trkpt>
   <trkpt lat="36.262350000000005" lon="-86.92108">
    <ele>239.85</ele>
   </trkpt>
   <trkpt lat="36.262510000000006" lon="-86.92086">
    <ele>240.22</ele>
   </trkpt>
   <trkpt lat="36.262510000000006" lon="-86.92081">
    <ele>240.22</ele>
   </trkpt>
   <trkpt lat="36.262600000000006" lon="-86.92063">
    <ele>241.37000000000003</ele>
   </trkpt>
   <trkpt lat="36.262620000000005" lon="-86.92054">
    <ele>241.85</ele>
   </trkpt>
   <trkpt lat="36.262600000000006" lon="-86.92041">
    <ele>241.82</ele>
   </trkpt>
   <trkpt lat="36.26249" lon="-86.92024">
    <ele>241.31000000000003</ele>
   </trkpt>
   <trkpt lat="36.262350000000005" lon="-86.92009">
    <ele>242.15000000000003</ele>
   </trkpt>
   <trkpt lat="36.26225" lon="-86.91987">
    <ele>243.79</ele>
   </trkpt>
   <trkpt lat="36.26225" lon="-86.91978">
    <ele>244.12000000000003</ele>
   </trkpt>
   <trkpt lat="36.26229" lon="-86.91969">
    <ele>244.31000000000003</ele>
   </trkpt>
   <trkpt lat="36.262420000000006" lon="-86.91952">
    <ele>245.50000000000003</ele>
   </trkpt>
   <trkpt lat="36.262530000000005" lon="-86.91933">
    <ele>245.78000000000003</ele>
   </trkpt>
   <trkpt lat="36.26259" lon="-86.91912">
    <ele>245.79</ele>
   </trkpt>
   <trkpt lat="36.262690000000006" lon="-86.91897">
    <ele>246.49</ele>
   </trkpt>
   <trkpt lat="36.262710000000006" lon="-86.91889">
    <ele>246.59000000000003</ele>
   </trkpt>
   <trkpt lat="36.262640000000005" lon="-86.91861">
    <ele>246.20000000000002</ele>
   </trkpt>
   <trkpt lat="36.262640000000005" lon="-86.91848">
    <ele>247.66000000000003</ele>
   </trkpt>
   <trkpt lat="36.26261" lon="-86.91839">
    <ele>248.09000000000003</ele>
   </trkpt>
   <trkpt lat="36.26254" lon="-86.91826">
    <ele>248.47000000000003</ele>
   </trkpt>
   <trkpt lat="36.262420000000006" lon="-86.91821">
    <ele>247.67000000000002</ele>
   </trkpt>
   <trkpt lat="36.26221" lon="-86.91822">
    <ele>245.19000000000003</ele>
   </trkpt>
   <trkpt lat="36.26184000000001" lon="-86.9183">
    <ele>243.76000000000002</ele>
   </trkpt>
   <trkpt lat="36.261720000000004" lon="-86.91825">
    <ele>244.4</ele>
   </trkpt>
   <trkpt lat="36.261500000000005" lon="-86.91804">
    <ele>246.35</ele>
   </trkpt>
   <trkpt lat="36.26145" lon="-86.91787000000001">
    <ele>246.69000000000003</ele>
   </trkpt>
   <trkpt lat="36.26146" lon="-86.91781">
    <ele>246.72000000000003</ele>
   </trkpt>
   <trkpt lat="36.2616" lon="-86.91767">
    <ele>246.21</ele>
   </trkpt>
   <trkpt lat="36.261660000000006" lon="-86.91767">
    <ele>245.1</ele>
   </trkpt>
   <trkpt lat="36.261790000000005" lon="-86.91754">
    <ele>244.54</ele>
   </trkpt>
   <trkpt lat="36.26191" lon="-86.91749">
    <ele>244.52</ele>
   </trkpt>
   <trkpt lat="36.26196" lon="-86.91742">
    <ele>244.47000000000003</ele>
   </trkpt>
   <trkpt lat="36.26203" lon="-86.91696">
    <ele>247.06000000000003</ele>
   </trkpt>
   <trkpt lat="36.262100000000004" lon="-86.91665">
    <ele>246.73000000000002</ele>
   </trkpt>
   <trkpt lat="36.262190000000004" lon="-86.91638">
    <ele>244.6</ele>
   </trkpt>
   <trkpt lat="36.2623" lon="-86.91624">
    <ele>243.51000000000002</ele>
   </trkpt>
   <trkpt lat="36.262370000000004" lon="-86.91606">
    <ele>243.31000000000003</ele>
   </trkpt>
   <trkpt lat="36.26243" lon="-86.91597">
    <ele>243.52</ele>
   </trkpt>
   <trkpt lat="36.262550000000005" lon="-86.9154">
    <ele>247.38000000000002</ele>
   </trkpt>
   <trkpt lat="36.26256" lon="-86.91509">
    <ele>250.48000000000002</ele>
   </trkpt>
   <trkpt lat="36.2625" lon="-86.91462000000001">
    <ele>252.63000000000002</ele>
   </trkpt>
   <trkpt lat="36.26252" lon="-86.91446">
    <ele>251.45</ele>
   </trkpt>
   <trkpt lat="36.26231000000001" lon="-86.91420000000001">
    <ele>246.92000000000002</ele>
   </trkpt>
   <trkpt lat="36.262040000000006" lon="-86.91418">
    <ele>243.94000000000003</ele>
   </trkpt>
   <trkpt lat="36.26194" lon="-86.91413">
    <ele>242.02</ele>
   </trkpt>
   <trkpt lat="36.26171" lon="-86.914">
    <ele>240.14000000000001</ele>
   </trkpt>
   <trkpt lat="36.261540000000004" lon="-86.91380000000001">
    <ele>240.52</ele>
   </trkpt>
   <trkpt lat="36.26153" lon="-86.91375000000001">
    <ele>240.46</ele>
   </trkpt>
   <trkpt lat="36.26155" lon="-86.91369">
    <ele>240.46</ele>
   </trkpt>
   <trkpt lat="36.261540000000004" lon="-86.91352">
    <ele>240.11</ele>
   </trkpt>
   <trkpt lat="36.26156" lon="-86.91337">
    <ele>240.15000000000003</ele>
   </trkpt>
   <trkpt lat="36.26165" lon="-86.9132">
    <ele>239.90000000000003</ele>
   </trkpt>
   <trkpt lat="36.26189" lon="-86.91289">
    <ele>239.34000000000003</ele>
   </trkpt>
   <trkpt lat="36.26192" lon="-86.91289">
    <ele>239.34000000000003</ele>
   </trkpt>
   <trkpt lat="36.26207" lon="-86.91271">
    <ele>239.35</ele>
   </trkpt>
   <trkpt lat="36.262080000000005" lon="-86.91252">
    <ele>241.25000000000003</ele>
   </trkpt>
   <trkpt lat="36.262060000000005" lon="-86.91209">
    <ele>243.37000000000003</ele>
   </trkpt>
   <trkpt lat="36.26207" lon="-86.91199">
    <ele>243.37000000000003</ele>
   </trkpt>
   <trkpt lat="36.262150000000005" lon="-86.91176">
    <ele>244.86</ele>
   </trkpt>
   <trkpt lat="36.26221" lon="-86.91168">
    <ele>245.13</ele>
   </trkpt>
   <trkpt lat="36.26234" lon="-86.91159">
    <ele>244.86</ele>
   </trkpt>
   <trkpt lat="36.262620000000005" lon="-86.91158">
    <ele>242.76000000000002</ele>
   </trkpt>
   <trkpt lat="36.26285" lon="-86.91176">
    <ele>239.07000000000002</ele>
   </trkpt>
   <trkpt lat="36.26296" lon="-86.91176">
    <ele>238.35</ele>
   </trkpt>
   <trkpt lat="36.26314" lon="-86.91163">
    <ele>239.23000000000002</ele>
   </trkpt>
   <trkpt lat="36.263180000000006" lon="-86.91154">
    <ele>239.71</ele>
   </trkpt>
   <trkpt lat="36.26317" lon="-86.91141">
    <ele>241.3</ele>
   </trkpt>
   <trkpt lat="36.2631" lon="-86.91132">
    <ele>242.00000000000003</ele>
   </trkpt>
   <trkpt lat="36.26296" lon="-86.91123">
    <ele>242.18</ele>
   </trkpt>
   <trkpt lat="36.2629" lon="-86.91118">
    <ele>242.18</ele>
   </trkpt>
   <trkpt lat="36.262820000000005" lon="-86.91114">
    <ele>241.97000000000003</ele>
   </trkpt>
   <trkpt lat="36.262710000000006" lon="-86.91105">
    <ele>242.1</ele>
   </trkpt>
   <trkpt lat="36.262530000000005" lon="-86.911">
    <ele>243.08</ele>
   </trkpt>
   <trkpt lat="36.262460000000004" lon="-86.91096">
    <ele>244.34000000000003</ele>
   </trkpt>
   <trkpt lat="36.26232" lon="-86.91092">
    <ele>245.3</ele>
   </trkpt>
   <trkpt lat="36.26225" lon="-86.91079">
    <ele>245.64000000000001</ele>
   </trkpt>
   <trkpt lat="36.26216" lon="-86.91074">
    <ele>246.07</ele>
   </trkpt>
   <trkpt lat="36.26192" lon="-86.91066000000001">
    <ele>249.27</ele>
   </trkpt>
   <trkpt lat="36.26185" lon="-86.91062000000001">
    <ele>249.71</ele>
   </trkpt>
   <trkpt lat="36.26176" lon="-86.91061">
    <ele>250.23</ele>
   </trkpt>
   <trkpt lat="36.26153" lon="-86.91014000000001">
    <ele>247.51</ele>
   </trkpt>
   <trkpt lat="36.26144" lon="-86.90999000000001">
    <ele>246.06000000000003</ele>
   </trkpt>
   <trkpt lat="36.26135" lon="-86.90975">
    <ele>245.42000000000002</ele>
   </trkpt>
   <trkpt lat="36.26127" lon="-86.90972000000001">
    <ele>245.41000000000003</ele>
   </trkpt>
   <trkpt lat="36.26124" lon="-86.90945">
    <ele>245.24</ele>
   </trkpt>
   <trkpt lat="36.261250000000004" lon="-86.9093">
    <ele>245.47000000000003</ele>
   </trkpt>
   <trkpt lat="36.26118" lon="-86.90905000000001">
    <ele>248.10000000000002</ele>
   </trkpt>
   <trkpt lat="36.261280000000006" lon="-86.90887000000001">
    <ele>249.52</ele>
   </trkpt>
   <trkpt lat="36.26138" lon="-86.90876">
    <ele>250.31000000000003</ele>
   </trkpt>
   <trkpt lat="36.26155" lon="-86.90863">
    <ele>252.70000000000002</ele>
   </trkpt>
   <trkpt lat="36.261610000000005" lon="-86.90863">
    <ele>253.16</ele>
   </trkpt>
   <trkpt lat="36.26198" lon="-86.90855">
    <ele>257.62</ele>
   </trkpt>
   <trkpt lat="36.262150000000005" lon="-86.90845">
    <ele>258.71</ele>
   </trkpt>
   <trkpt lat="36.262220000000006" lon="-86.90827">
    <ele>258.15000000000003</ele>
   </trkpt>
   <trkpt lat="36.26225" lon="-86.90792">
    <ele>256.15000000000003</ele>
   </trkpt>
   <trkpt lat="36.26239" lon="-86.90757">
    <ele>255.52</ele>
   </trkpt>
   <trkpt lat="36.26254" lon="-86.90742">
    <ele>255.95000000000002</ele>
   </trkpt>
   <trkpt lat="36.262840000000004" lon="-86.90742">
    <ele>254.84</ele>
   </trkpt>
   <trkpt lat="36.2629" lon="-86.90737">
    <ele>254.85000000000002</ele>
   </trkpt>
   <trkpt lat="36.26299" lon="-86.90734">
    <ele>255.08</ele>
   </trkpt>
   <trkpt lat="36.26306" lon="-86.90734">
    <ele>254.93000000000004</ele>
   </trkpt>
   <trkpt lat="36.26323" lon="-86.90742">
    <ele>254.20000000000005</ele>
   </trkpt>
   <trkpt lat="36.2633" lon="-86.90737">
    <ele>254.18</ele>
   </trkpt>
   <trkpt lat="36.263450000000006" lon="-86.90724">
    <ele>254.59000000000003</ele>
   </trkpt>
   <trkpt lat="36.26352" lon="-86.90708000000001">
    <ele>254.52</ele>
   </trkpt>
   <trkpt lat="36.263760000000005" lon="-86.9068">
    <ele>252.04999999999998</ele>
   </trkpt>
   <trkpt lat="36.26386" lon="-86.90672">
    <ele>251.46</ele>
   </trkpt>
   <trkpt lat="36.26408" lon="-86.90661">
    <ele>250.72</ele>
   </trkpt>
   <trkpt lat="36.2642" lon="-86.90658">
    <ele>251.0</ele>
   </trkpt>
   <trkpt lat="36.26431" lon="-86.90659000000001">
    <ele>251.81000000000003</ele>
   </trkpt>
   <trkpt lat="36.26438" lon="-86.90668000000001">
    <ele>252.44</ele>
   </trkpt>
   <trkpt lat="36.26455" lon="-86.9068">
    <ele>253.47000000000003</ele>
   </trkpt>
   <trkpt lat="36.26467" lon="-86.90711">
    <ele>253.47000000000003</ele>
   </trkpt>
   <trkpt lat="36.26476" lon="-86.90744000000001">
    <ele>253.26999999999998</ele>
   </trkpt>
   <trkpt lat="36.2648" lon="-86.90753000000001">
    <ele>253.46</ele>
   </trkpt>
   <trkpt lat="36.264900000000004" lon="-86.90761">
    <ele>254.28</ele>
   </trkpt>
   <trkpt lat="36.26507" lon="-86.90769">
    <ele>255.13000000000002</ele>
   </trkpt>
   <trkpt lat="36.26518" lon="-86.90764">
    <ele>256.15000000000003</ele>
   </trkpt>
   <trkpt lat="36.26556" lon="-86.90764">
    <ele>259.15000000000003</ele>
   </trkpt>
   <trkpt lat="36.2657" lon="-86.90761">
    <ele>259.43</ele>
   </trkpt>
   <trkpt lat="36.26574" lon="-86.90758000000001">
    <ele>259.36</ele>
   </trkpt>
   <trkpt lat="36.265800000000006" lon="-86.9077">
    <ele>258.09000000000003</ele>
   </trkpt>
   <trkpt lat="36.265950000000004" lon="-86.90787">
    <ele>255.86</ele>
   </trkpt>
   <trkpt lat="36.266180000000006" lon="-86.90822">
    <ele>253.4</ele>
   </trkpt>
   <trkpt lat="36.26635" lon="-86.90836">
    <ele>252.46</ele>
   </trkpt>
   <trkpt lat="36.26653" lon="-86.9084">
    <ele>250.28</ele>
   </trkpt>
   <trkpt lat="36.266650000000006" lon="-86.9084">
    <ele>248.82000000000002</ele>
   </trkpt>
   <trkpt lat="36.266940000000005" lon="-86.90827">
    <ele>247.52</ele>
   </trkpt>
   <trkpt lat="36.267250000000004" lon="-86.90801">
    <ele>249.47000000000003</ele>
   </trkpt>
   <trkpt lat="36.267390000000006" lon="-86.90796">
    <ele>250.19000000000003</ele>
   </trkpt>
   <trkpt lat="36.267680000000006" lon="-86.90752">
    <ele>250.12</ele>
   </trkpt>
   <trkpt lat="36.26778" lon="-86.90715">
    <ele>248.44000000000003</ele>
   </trkpt>
   <trkpt lat="36.26793" lon="-86.90671">
    <ele>244.84000000000003</ele>
   </trkpt>
   <trkpt lat="36.26823" lon="-86.90606000000001">
    <ele>242.89000000000001</ele>
   </trkpt>
   <trkpt lat="36.26836" lon="-86.90591">
    <ele>243.68</ele>
   </trkpt>
   <trkpt lat="36.2685" lon="-86.90581">
    <ele>244.18</ele>
   </trkpt>
  </trkseg>
 </trk>
</gpx>
